1,函館,41.773709,140.726413
2,函館駅前,41.77264,140.727997
3,五稜郭,41.803557,140.733539
4,桔梗,41.846457,140.722952
5,大中山,41.864641,140.71358
6,七飯,41.886971,140.688556
7,新函館北斗,41.9054,140.646525
8,仁山,41.930011,140.635183
9,大沼,41.971954,140.669347
10,大沼公園,41.980958,140.669758
11,赤井川,42.003267,140.642678
12,駒ヶ岳,42.038809,140.610476
13,東山(北海道),42.06172,140.605222
14,姫川(北海道),42.081312,140.591632
15,池田園,41.990692,140.700333
16,流山温泉,42.003483,140.716358
17,銚子口,42.015471,140.720656
18,鹿部,42.06439,140.771393
19,渡島沼尻,42.10706,140.747596
20,渡島砂原,42.12164,140.689451
21,掛澗,42.119205,140.64598
22,尾白内,42.111232,140.613449
23,東森,42.106823,140.59353
24,森(北海道),42.108917,140.573846
25,桂川(北海道),42.1156,140.542788
26,石谷,42.135519,140.506525
27,本石倉,42.159668,140.471957
28,石倉,42.17285,140.458436
29,落部,42.187617,140.420755
30,野田生,42.217104,140.37586
31,山越,42.231172,140.326593
32,八雲,42.253391,140.273342
33,鷲ノ巣,42.278389,140.269919
34,山崎(北海道),42.314635,140.2746
35,黒岩,42.368296,140.288173
36,北豊津,42.400969,140.297868
37,国縫,42.439319,140.320885
38,中ノ沢,42.477928,140.346077
39,長万部,42.512477,140.37507
40,二股,42.575869,140.320821
41,蕨岱,42.626353,140.313353
42,黒松内,42.669608,140.305704
43,熱郛,42.675653,140.375084
44,目名,42.761432,140.465742
45,蘭越,42.804542,140.52894
46,昆布,42.797984,140.596107
47,ニセコ,42.808746,140.684588
48,比羅夫,42.84856,140.722615
49,倶知安,42.90164,140.745471
50,小沢,42.97185,140.677657
51,銀山,43.040888,140.715321
52,然別,43.12551,140.737211
53,仁木,43.154091,140.770546
54,余市,43.186558,140.794686
55,蘭島,43.19651,140.854643
56,塩谷,43.202406,140.924546
57,小樽,43.197172,140.993653
58,南小樽,43.186529,141.007883
59,小樽築港,43.180752,141.029051
60,朝里,43.176868,141.063923
61,銭函,43.143403,141.159868
62,ほしみ,43.13373,141.191402
63,星置,43.132375,141.210856
64,稲穂,43.128115,141.222919
65,手稲,43.120238,141.243785
66,稲積公園,43.112023,141.257113
67,発寒,43.099819,141.277273
68,発寒中央,43.089271,141.294497
69,琴似(JR),43.081599,141.307418
70,桑園,43.070744,141.332036
71,札幌,43.068612,141.350768
72,さっぽろ,43.06637,141.350299
73,苗穂,43.06826,141.373471
74,白石(JR),43.054715,141.413612
75,厚別,43.045154,141.46369
76,森林公園(北海道),43.056456,141.481332
77,大麻,43.072382,141.496925
78,野幌,43.092559,141.52984
79,高砂(北海道),43.100084,141.540752
80,江別,43.110189,141.55679
81,豊幌,43.136446,141.62466
82,幌向,43.151348,141.655839
83,上幌向,43.18183,141.715391
84,岩見沢,43.204201,141.759359
85,峰延,43.264694,141.814673
86,光珠内,43.292658,141.844655
87,美唄,43.330751,141.862157
88,茶志内,43.369842,141.87336
89,奈井江,43.423718,141.889115
90,豊沼,43.464224,141.901032
91,砂川,43.493468,141.909642
92,滝川,43.555278,141.900807
93,江部乙,43.627564,141.935937
94,妹背牛,43.690841,141.966591
95,深川,43.721021,142.041642
96,納内,43.732509,142.130072
97,神居古潭,43.732833,142.202222
98,伊納,43.763305,142.27167
99,近文,43.789193,142.325327
100,旭川,43.763492,142.357803
101,静狩,42.584065,140.460025
102,小幌,42.589731,140.537361
103,礼文,42.580422,140.595013
104,大岸,42.585969,140.639036
105,豊浦,42.580323,140.71536
106,洞爺,42.55055,140.763959
107,有珠,42.513267,140.793969
108,長和,42.488262,140.833783
109,伊達紋別,42.469395,140.855802
110,北舟岡,42.450528,140.880259
111,稀府,42.425567,140.898836
112,黄金(北海道),42.386441,140.907781
113,崎守,42.373968,140.927141
114,本輪西,42.358734,140.977561
115,室蘭,42.317864,140.97571
116,母恋,42.317295,140.990018
117,御崎,42.329014,140.993881
118,輪西,42.333775,141.005743
119,東室蘭,42.349374,141.026411
120,鷲別,42.35953,141.042759
121,幌別,42.409782,141.107293
122,富浦(北海道),42.441957,141.156878
123,登別,42.45207,141.180931
124,虎杖浜,42.464695,141.215092
125,竹浦,42.49284,141.260395
126,北吉原,42.509119,141.286199
127,萩野,42.521159,141.30603
128,白老,42.55474,141.360054
129,社台,42.578682,141.417433
130,錦岡,42.6025,141.48722
131,糸井,42.6225,141.546187
132,青葉,42.62999,141.568278
133,苫小牧,42.639665,141.596837
134,沼ノ端,42.672057,141.693132
135,遠浅,42.729533,141.769568
136,早来,42.765237,141.814106
137,安平,42.814007,141.825283
138,追分(北海道),42.873316,141.810678
139,三川(北海道),42.945029,141.800778
140,古山,42.975256,141.793969
141,由仁,43.012206,141.785868
142,栗山,43.058164,141.775603
143,栗丘,43.085444,141.744333
144,栗沢,43.120367,141.739743
145,志文,43.158903,141.744443
146,東滝川,43.574037,141.98031
147,赤平,43.555144,142.048669
148,茂尻,43.537314,142.082156
149,平岸(JR),43.541401,142.123872
150,芦別,43.516636,142.184543
151,上芦別,43.48871,142.210855
152,野花南,43.474418,142.261772
153,島ノ下,43.3744,142.350406
154,富良野,43.347114,142.391374
155,布部,43.291991,142.400595
156,山部,43.244645,142.381522
157,下金山,43.197328,142.415402
158,金山(北海道),43.136115,142.416201
159,東鹿越,43.164011,142.523472
160,幾寅,43.161582,142.569474
161,落合(北海道),43.125055,142.669104
162,新得,43.082501,142.832432
163,十勝清水,43.012892,142.879535
164,羽帯,42.957499,142.906646
165,御影(北海道),42.942418,142.935739
166,芽室,42.909846,143.047991
167,大成,42.918662,143.071241
168,西帯広,42.923941,143.126351
169,柏林台,42.928877,143.1645
170,帯広,42.917997,143.20195
171,札内,42.912697,143.256248
172,稲士別,42.903963,143.297528
173,幕別,42.90784,143.359293
174,利別,42.934706,143.424445
175,池田(北海道),42.922186,143.453033
176,十弗,42.855781,143.500797
177,豊頃,42.817548,143.538615
178,新吉野,42.778238,143.60826
179,浦幌,42.810849,143.651568
180,上厚内,42.831881,143.749788
181,厚内,42.809539,143.814389
182,直別,42.852205,143.863607
183,尺別,42.869163,143.904331
184,音別,42.888997,143.932442
185,古瀬,42.947893,144.008589
186,白糠,42.956161,144.076879
187,西庶路,42.976138,144.129826
188,庶路,42.983601,144.150018
189,大楽毛,43.009078,144.273879
190,新大楽毛,43.009423,144.295558
191,新富士(北海道),43.001605,144.350758
192,釧路,42.990584,144.381983
193,東釧路,42.995207,144.411307
194,武佐(北海道),42.991364,144.426681
195,別保,42.994384,144.469596
196,上尾幌,43.032893,144.61239
197,尾幌,43.018463,144.703758
198,門静,43.057581,144.782638
199,厚岸,43.056248,144.841355
200,糸魚沢,43.103506,144.92545
201,茶内,43.129266,145.02801
202,浜中,43.15754,145.099657
203,姉別,43.196201,145.194716
204,厚床,43.228224,145.252096
205,初田牛,43.204542,145.32277
206,別当賀,43.218427,145.423593
207,落石,43.198335,145.519449
208,昆布盛,43.228593,145.542444
209,西和田,43.268043,145.541817
210,花咲,43.295388,145.575045
211,東根室,43.323655,145.597234
212,根室,43.326923,145.582707
213,植苗,42.713645,141.735344
214,美々,42.777418,141.711387
215,新千歳空港,42.787546,141.680823
216,南千歳,42.80804,141.675388
217,千歳(北海道),42.82811,141.651934
218,長都,42.852178,141.622987
219,サッポロビール庭園,42.866812,141.605616
220,恵庭,42.883076,141.586234
221,恵み野,42.902704,141.574429
222,島松,42.922504,141.573117
223,北広島,42.979239,141.563115
224,上野幌,43.016177,141.487317
225,新札幌,43.038732,141.47237
226,新さっぽろ,43.039141,141.473106
227,平和,43.04695,141.437967
228,東追分,42.902377,141.83228
229,川端,42.914721,141.894791
230,滝ノ上,42.910244,141.97628
231,十三里,42.914667,142.024478
232,新夕張,42.936611,142.03657
233,沼ノ沢,42.957586,142.030836
234,南清水沢,42.985272,142.006597
235,清水沢,42.99827,142.007285
236,鹿ノ谷,43.039447,141.964476
237,夕張,43.050926,141.967472
238,占冠,42.993088,142.400078
239,トマム,43.055913,142.610937
240,勇払,42.632805,141.727667
241,浜厚真,42.606725,141.837071
242,浜田浦,42.590722,141.88362
243,鵡川,42.578953,141.923892
244,汐見,42.550235,141.945255
245,富川,42.516865,142.020855
246,日高門別,42.481237,142.072692
247,豊郷(北海道),42.470119,142.122493
248,清畠,42.455709,142.176624
249,厚賀,42.430507,142.215896
250,大狩部,42.395695,142.259355
251,節婦,42.38248,142.275541
252,新冠,42.360667,142.312585
253,静内,42.336559,142.360402
254,東静内,42.304416,142.450485
255,春立,42.268515,142.498943
256,日高東別,42.280837,142.521371
257,日高三石,42.247269,142.566859
258,蓬栄,42.264636,142.604517
259,本桐,42.248205,142.630455
260,荻伏,42.206136,142.689432
261,絵笛,42.198428,142.736134
262,浦河,42.168366,142.769976
263,東町,42.156037,142.788931
264,日高幌別,42.142338,142.834519
265,鵜苫,42.134449,142.882513
266,西様似,42.138411,142.908737
267,様似,42.127936,142.93596
268,八軒,43.085845,141.319145
269,新川(北海道),43.098604,141.323824
270,新琴似,43.112928,141.335105
271,太平,43.12401,141.349526
272,百合が原,43.131476,141.360672
273,篠路,43.145152,141.364323
274,拓北,43.155568,141.381013
275,あいの里教育大,43.15528,141.39842
276,あいの里公園,43.161206,141.413276
277,ロイズタウン,43.179589,141.436236
278,太美,43.189801,141.449066
279,当別,43.22208,141.513764
280,北海道医療大学,43.230925,141.54995
281,石狩金沢,43.245385,141.569239
282,本中小屋,43.28019,141.591661
283,中小屋,43.306846,141.602341
284,月ヶ岡,43.324867,141.61807
285,知来乙,43.331545,141.649123
286,石狩月形,43.340869,141.670193
287,豊ヶ岡,43.366645,141.714026
288,札比内,43.370926,141.742762
289,晩生内,43.399921,141.779211
290,札的,43.419153,141.803549
291,浦臼,43.430964,141.817376
292,鶴沼,43.457673,141.840637
293,於札内,43.473424,141.840102
294,南下徳富,43.485542,141.844454
295,下徳富,43.50271,141.855574
296,新十津川,43.545575,141.874172
297,北一已,43.742021,142.014721
298,秩父別,43.769099,141.967757
299,北秩父別,43.789375,141.960915
300,石狩沼田,43.810032,141.934266
301,真布,43.832965,141.906756
302,恵比島,43.851296,141.88144
303,峠下,43.850789,141.818879
304,幌糠,43.855521,141.758418
305,藤山,43.88708,141.720588
306,大和田(北海道),43.913418,141.696528
307,留萌,43.942848,141.651433
308,瀬越,43.934987,141.634535
309,礼受,43.904871,141.611358
310,阿分,43.894339,141.605598
311,信砂,43.874479,141.589039
312,舎熊,43.869113,141.580068
313,朱文別,43.860678,141.564328
314,箸別,43.859125,141.55164
315,増毛,43.856522,141.527559
316,神楽岡,43.745033,142.358257
317,緑が丘(北海道),43.731074,142.365701
318,西御料,43.720834,142.371507
319,西瑞穂,43.70242,142.381982
320,西神楽,43.682181,142.393677
321,西聖和,43.669047,142.415209
322,千代ヶ岡,43.643737,142.451024
323,北美瑛,43.617884,142.479594
324,美瑛,43.591186,142.461639
325,美馬牛,43.537408,142.447192
326,上富良野,43.464046,142.468761
327,西中,43.429569,142.441876
328,ラベンダー畑,43.416919,142.430681
329,中富良野,43.405704,142.420812
330,鹿討,43.387499,142.404812
331,学田,43.366234,142.386118
332,旭川四条,43.764056,142.375815
333,新旭川,43.780174,142.384789
334,永山,43.814158,142.434382
335,北永山,43.826736,142.454493
336,南比布,43.853342,142.467271
337,比布,43.874478,142.471294
338,北比布,43.901728,142.476545
339,蘭留,43.925072,142.473699
340,塩狩,43.96794,142.4552
341,和寒,44.026932,142.415309
342,東六線,44.068723,142.388073
343,剣淵,44.09643,142.364754
344,北剣淵,44.139423,142.377955
345,士別,44.172536,142.388247
346,下士別,44.210583,142.396405
347,多寄,44.241296,142.396315
348,瑞穂,44.266349,142.396244
349,風連,44.292238,142.421624
350,名寄高校,44.331382,142.465484
351,名寄,44.349403,142.465207
352,日進(北海道),44.381713,142.467354
353,北星,44.441569,142.428116
354,智恵文,44.455553,142.414772
355,智北,44.46103,142.394007
356,南美深,44.462604,142.367822
357,美深,44.482951,142.350597
358,初野,44.512808,142.336129
359,紋穂内,44.538761,142.33357
360,恩根内,44.598486,142.309447
361,豊清水,44.639503,142.270342
362,天塩川温泉,44.665041,142.258682
363,咲来,44.692702,142.267569
364,音威子府,44.729448,142.259883
365,筬島,44.738883,142.197777
366,佐久,44.743986,142.048562
367,天塩中川,44.81186,142.075335
368,歌内,44.880493,142.052162
369,問寒別,44.91233,142.025562
370,糠南,44.920778,142.000931
371,雄信内,44.911735,141.935888
372,安牛,44.949809,141.894187
373,南幌延,44.965084,141.884892
374,上幌延,44.985787,141.880905
375,幌延,45.014503,141.84569
376,下沼,45.037146,141.758218
377,豊富,45.104624,141.772088
378,徳満,45.145838,141.751039
379,兜沼,45.220236,141.6972
380,勇知,45.259339,141.685151
381,抜海,45.316866,141.644576
382,南稚内,45.398166,141.683026
383,稚内,45.416995,141.676999
384,南永山,43.78055,142.40853
385,東旭川,43.776571,142.441544
386,北日ノ出,43.781813,142.466127
387,桜岡,43.801812,142.486968
388,当麻,43.825477,142.516987
389,将軍山,43.857455,142.521559
390,伊香牛,43.876025,142.525227
391,愛別,43.898635,142.582176
392,中愛別,43.896216,142.655424
393,愛山,43.866442,142.680699
394,安足間,43.852011,142.693868
395,東雲(北海道),43.843693,142.716544
396,上川,43.848508,142.766895
397,上白滝,43.876501,143.1444
398,白滝,43.884435,143.180795
399,旧白滝,43.919905,143.236729
400,下白滝,43.944553,143.276088
401,丸瀬布,44.006354,143.335817
402,瀬戸瀬,44.008753,143.420937
403,遠軽,44.060278,143.520667
404,安国,43.993322,143.535762
405,生野(北海道),43.959928,143.532945
406,生田原,43.923674,143.534627
407,金華,43.803484,143.57114
408,西留辺蘂,43.785345,143.603257
409,留辺蘂,43.785534,143.621394
410,相内,43.795948,143.756449
411,東相内,43.805466,143.809499
412,西北見,43.803114,143.841586
413,北見,43.805504,143.898167
414,柏陽,43.824911,143.916737
415,愛し野,43.841426,143.932962
416,端野,43.851172,143.942336
417,緋牛内,43.880431,143.999887
418,美幌,43.836967,144.10563
419,西女満別,43.880057,144.148372
420,女満別,43.915886,144.170665
421,呼人,43.963695,144.218945
422,網走,44.019873,144.254156
423,桂台,44.016913,144.273223
424,鱒浦,43.982481,144.296526
425,藻琴,43.968358,144.320079
426,北浜(北海道),43.958549,144.352541
427,原生花園,43.941033,144.41443
428,浜小清水,43.934077,144.453187
429,止別,43.921558,144.519818
430,知床斜里,43.910749,144.661647
431,中斜里,43.874608,144.659033
432,南斜里,43.867531,144.63431
433,清里町,43.83871,144.593948
434,札弦,43.786574,144.531526
435,緑,43.718282,144.505499
436,川湯温泉,43.616258,144.457749
437,美留和,43.555316,144.437656
438,摩周,43.487373,144.463981
439,南弟子屈,43.428656,144.514729
440,磯分内,43.379389,144.554322
441,標茶,43.298472,144.608434
442,五十石,43.238771,144.545558
443,茅沼,43.202097,144.503788
444,塘路,43.151739,144.496817
445,細岡,43.105055,144.469683
446,釧路湿原,43.100647,144.447799
447,遠矢,43.047878,144.458367
448,中小国,41.051702,140.596798
449,津軽二股,41.145937,140.514231
450,竜飛海底,41.257228,140.347946
451,知内,41.601092,140.33494
452,木古内,41.677642,140.434004
453,江差,41.856727,140.127933
454,上ノ国,41.805567,140.124106
455,中須田,41.787214,140.149321
456,桂岡,41.773096,140.166071
457,宮越,41.762404,140.184998
458,湯ノ岱,41.750312,140.243698
459,神明(北海道),41.734481,140.265709
460,吉堀,41.684059,140.379226
461,渡島鶴岡,41.671014,140.41137
462,札苅,41.699271,140.468097
463,泉沢,41.700867,140.506797
464,釜谷,41.712153,140.53718
465,渡島当別,41.737309,140.579109
466,茂辺地,41.766604,140.600561
467,上磯,41.81956,140.640599
468,清川口,41.824615,140.652906
469,久根別,41.826727,140.666468
470,東久根別,41.826005,140.679731
471,七重浜,41.817643,140.707957
472,八戸,40.5092,141.431499
473,新庄,38.76256,140.306064
474,泉田,38.811758,140.310039
475,羽前豊里,38.836748,140.242247
476,真室川,38.858243,140.254814
477,釜淵,38.93281,140.263864
478,大滝,38.971485,140.320199
479,及位,38.992983,140.361164
480,院内,39.049706,140.4138
481,横堀,39.064533,140.45131
482,三関,39.110196,140.483796
483,上湯沢,39.134221,140.485262
484,湯沢,39.163443,140.487011
485,下湯沢,39.197196,140.50249
486,十文字,39.221186,140.526287
487,醍醐(秋田),39.248716,140.53853
488,柳田(秋田),39.276385,140.553856
489,横手,39.310146,140.5604
490,後三年,39.364891,140.538397
491,飯詰,39.406013,140.515378
492,大曲(秋田),39.465712,140.479628
493,神宮寺,39.494841,140.426518
494,刈和野,39.547646,140.372402
495,峰吉川,39.566586,140.32314
496,羽後境,39.618679,140.320722
497,大張野,39.663347,140.274071
498,和田,39.65087,140.218754
499,四ツ小屋,39.661341,140.144946
500,秋田,39.716748,140.129931
501,泉外旭川,39.738358,140.112283
502,土崎,39.758453,140.073601
503,上飯島,39.779336,140.06847
504,追分(秋田),39.809925,140.05781
505,大久保(秋田),39.87089,140.063079
506,羽後飯塚,39.898981,140.0733
507,井川さくら,39.911925,140.076022
508,八郎潟,39.947366,140.078382
509,鯉川,39.996361,140.077474
510,鹿渡,40.044619,140.082621
511,森岳,40.103164,140.070886
512,北金岡,40.141895,140.063565
513,東能代,40.191579,140.065746
514,鶴形,40.203879,140.118507
515,富根,40.217956,140.172643
516,二ツ井,40.212506,140.235729
517,前山,40.214785,140.312378
518,鷹ノ巣(鷹巣),40.232059,140.369816
519,糠沢,40.251094,140.397827
520,早口,40.271315,140.447572
521,下川沿,40.276408,140.496625
522,大館,40.288122,140.555946
523,白沢(秋田),40.338103,140.591657
524,陣場,40.398864,140.607523
525,津軽湯の沢,40.441879,140.632055
526,碇ヶ関,40.478988,140.622443
527,長峰,40.516072,140.603069
528,大鰐温泉,40.52154,140.566914
529,大鰐,40.52182,140.566822
530,石川(JR),40.556021,140.530951
531,弘前,40.599723,140.485016
532,撫牛子,40.621298,140.497616
533,川部,40.646862,140.521376
534,北常盤,40.67053,140.54359
535,浪岡,40.71021,140.580664
536,大釈迦,40.756736,140.587776
537,鶴ヶ坂,40.791228,140.634878
538,津軽新城,40.828022,140.672025
539,新青森,40.82749,140.693449
540,青森,40.828668,140.734738
541,野辺地,40.855142,141.119603
542,北野辺地,40.871077,141.134115
543,有戸,40.913949,141.189264
544,吹越,41.022038,141.246552
545,陸奥横浜,41.086544,141.249757
546,有畑,41.131818,141.276421
547,近川,41.191687,141.279021
548,金谷沢,41.228854,141.248432
549,赤川,41.267829,141.209339
550,下北,41.28288,141.18989
551,大湊,41.280344,141.161772
552,能代,40.206577,140.033084
553,向能代,40.225669,140.039111
554,北能代,40.254138,140.033835
555,鳥形,40.271433,140.036931
556,沢目,40.295929,140.037824
557,東八森,40.332086,140.032462
558,八森,40.37135,140.017882
559,滝ノ間,40.379967,140.00221
560,あきた白神,40.386583,139.987793
561,岩館,40.406241,139.966258
562,大間越,40.492407,139.950062
563,白神岳登山口,40.513551,139.950318
564,松神,40.534902,139.946556
565,十二湖,40.551539,139.941986
566,陸奥岩崎,40.583333,139.924183
567,陸奥沢辺,40.586175,139.894991
568,ウェスパ椿山,40.592913,139.871157
569,艫作,40.608534,139.864856
570,横磯,40.629891,139.89091
571,深浦,40.650239,139.929372
572,広戸,40.67434,139.955586
573,追良瀬,40.686114,139.970298
574,驫木,40.707218,139.982954
575,風合瀬,40.731826,139.99432
576,大戸瀬,40.759325,140.033596
577,千畳敷,40.767769,140.054832
578,北金ヶ沢,40.745995,140.095052
579,陸奥柳田,40.740616,140.123243
580,陸奥赤石,40.76156,140.162057
581,鰺ヶ沢,40.775255,140.220589
582,鳴沢,40.782189,140.267617
583,越水,40.787258,140.298628
584,陸奥森田,40.781738,140.339033
585,中田(青森),40.787424,140.364505
586,木造,40.802482,140.387775
587,五所川原,40.809124,140.44776
588,津軽五所川原,40.809684,140.448489
589,陸奥鶴田,40.757544,140.435276
590,鶴泊,40.736026,140.437616
591,板柳,40.69726,140.461785
592,林崎,40.675355,140.480401
593,藤崎(青森),40.654047,140.499531
594,油川,40.857035,140.690476
595,津軽宮田,40.887184,140.674579
596,奥内,40.903044,140.672382
597,左堰,40.917214,140.665929
598,後潟,40.931519,140.662734
599,中沢,40.949044,140.656244
600,蓬田,40.969042,140.654533
601,郷沢,40.987682,140.652399
602,瀬辺地,41.007869,140.648179
603,蟹田,41.038274,140.642565
604,大平,41.065866,140.559375
605,大川平,41.163204,140.507592
606,今別,41.179741,140.490448
607,津軽浜名,41.180521,140.47185
608,三厩,41.185404,140.444482
609,長苗代,40.52146,141.465907
610,本八戸,40.516286,141.488762
611,小中野,40.518767,141.510032
612,陸奥湊,40.52335,141.527652
613,白銀,40.522031,141.541648
614,鮫,40.530244,141.554891
615,陸奥白浜,40.516636,141.592299
616,種差海岸,40.506951,141.607367
617,大久喜,40.495135,141.622958
618,金浜,40.475994,141.637366
619,大蛇,40.467251,141.650773
620,階上,40.456834,141.664958
621,角の浜,40.444478,141.681773
622,平内,40.42552,141.699272
623,種市,40.410384,141.715232
624,玉川(岩手),40.380424,141.735117
625,宿戸,40.366129,141.746683
626,陸中八木,40.345485,141.766517
627,有家,40.324007,141.773031
628,陸中中野,40.305165,141.787768
629,侍浜,40.261375,141.760575
630,陸中夏井,40.207747,141.791906
631,久慈,40.190391,141.770891
632,茂市,39.620619,141.799288
633,岩手刈屋,39.642688,141.759296
634,中里(岩手),39.661836,141.736067
635,岩手和井内,39.679905,141.715705
636,押角,39.724029,141.693181
637,岩手大川,39.800208,141.671909
638,浅内,39.819482,141.727016
639,二升石,39.836739,141.745741
640,岩泉,39.845044,141.786446
641,一ノ関,38.926514,141.138177
642,真滝,38.908239,141.17793
643,陸中門崎,38.916908,141.251226
644,岩ノ下,38.947699,141.245342
645,陸中松川,38.977237,141.238046
646,猊鼻渓,38.988939,141.25327
647,柴宿,38.996719,141.272312
648,摺沢,38.996016,141.321151
649,千厩,38.924873,141.34563
650,小梨,38.932493,141.38418
651,矢越,38.935224,141.429029
652,折壁,38.939428,141.452346
653,新月,38.915598,141.488796
654,気仙沼,38.910031,141.558893
655,鹿折唐桑,38.915928,141.579468
656,上鹿折,38.960163,141.566825
657,陸前矢作,39.022654,141.579456
658,竹駒,39.033908,141.609486
659,陸前高田,39.014915,141.629227
660,脇ノ沢,39.011884,141.671754
661,小友,38.989303,141.699506
662,細浦,39.016025,141.713726
663,下船渡,39.038328,141.720863
664,大船渡,39.063546,141.720803
665,盛,39.086372,141.710734
666,花巻,39.393182,141.110458
667,似内,39.406819,141.140889
668,新花巻,39.405839,141.17302
669,小山田,39.4086,141.193999
670,土沢,39.383381,141.232488
671,晴山,39.366617,141.257892
672,岩根橋,39.355264,141.318795
673,宮守,39.351066,141.350271
674,柏木平,39.30606,141.379862
675,鱒沢,39.300158,141.399252
676,荒谷前,39.309928,141.428507
677,岩手二日町,39.323441,141.45606
678,綾織,39.328422,141.476845
679,遠野,39.332529,141.53072
680,青笹,39.311482,141.568957
681,岩手上郷,39.284658,141.585834
682,平倉,39.264682,141.595661
683,足ヶ瀬,39.254766,141.645807
684,上有住,39.242013,141.681522
685,陸中大橋,39.280451,141.718436
686,洞泉,39.250671,141.760388
687,松倉,39.256458,141.801484
688,小佐野,39.264464,141.836515
689,釜石,39.273321,141.87267
690,北上,39.281196,141.121221
691,柳原(岩手),39.294597,141.111671
692,江釣子,39.298349,141.075749
693,藤根,39.301064,141.039571
694,立川目,39.307876,140.997144
695,横川目,39.309255,140.972143
696,岩沢,39.301016,140.931616
697,和賀仙人,39.308523,140.909485
698,ゆだ錦秋湖,39.295513,140.835343
699,ほっとゆだ,39.314493,140.775647
700,ゆだ高原,39.301074,140.737205
701,黒沢(JR),39.276243,140.699619
702,小松川,39.293403,140.646094
703,平石(秋田),39.291678,140.628457
704,相野々,39.27805,140.619067
705,矢美津,39.291283,140.592099
706,盛岡,39.701547,141.136599
707,前潟,39.713,141.101067
708,大釜,39.711586,141.072202
709,小岩井,39.709731,141.02465
710,雫石,39.689244,140.974762
711,春木場,39.693396,140.943954
712,赤渕,39.685112,140.907222
713,田沢湖,39.700363,140.722139
714,刺巻,39.668563,140.69196
715,神代(秋田),39.622667,140.627358
716,生田(秋田),39.612065,140.601203
717,角館,39.591716,140.570988
718,鶯野,39.568536,140.557901
719,羽後長野,39.546003,140.540448
720,鑓見内,39.519323,140.527744
721,羽後四ツ屋,39.501511,140.511886
722,北大曲,39.48944,140.497966
723,好摩,39.874037,141.173685
724,東大更,39.902621,141.142537
725,大更,39.913746,141.100808
726,平館,39.950886,141.08531
727,北森,39.956785,141.071652
728,松尾八幡平,39.969241,141.043903
729,安比高原,40.012587,140.997239
730,赤坂田,40.048464,141.00394
731,小屋の畑,40.076539,141.020673
732,荒屋新町,40.097682,141.049196
733,横間,40.107475,141.027151
734,田山,40.139674,140.944126
735,兄畑,40.115869,140.88302
736,湯瀬温泉,40.122384,140.840292
737,八幡平,40.142881,140.804496
738,陸中大里,40.158574,140.793477
739,鹿角花輪,40.188453,140.785088
740,柴平,40.230751,140.787941
741,十和田南,40.256069,140.770716
742,末広,40.229788,140.737251
743,土深井,40.222452,140.713142
744,沢尻,40.230342,140.693288
745,十二所,40.21429,140.668211
746,大滝温泉,40.209751,140.639625
747,扇田,40.229235,140.572472
748,東大館,40.266005,140.554745
749,上盛岡,39.71146,141.147937
750,山岸,39.71596,141.171401
751,上米内,39.743855,141.203825
752,大志田,39.741806,141.280843
753,浅岸,39.711208,141.339147
754,区界,39.65177,141.351352
755,松草,39.635918,141.437421
756,平津戸,39.623408,141.511222
757,川内(岩手),39.640744,141.597548
758,箱石,39.617115,141.625829
759,陸中川井,39.597397,141.68153
760,腹帯,39.604539,141.767434
761,蟇目,39.629341,141.838876
762,花原市,39.630233,141.861308
763,千徳,39.632251,141.9124
764,宮古,39.640287,141.946454
765,新津,37.800383,139.121445
766,京ヶ瀬,37.817616,139.178322
767,水原,37.836712,139.217237
768,神山,37.862586,139.244691
769,月岡(新潟),37.889334,139.272488
770,中浦,37.912202,139.302689
771,新発田,37.94412,139.335189
772,加治,37.976411,139.358535
773,金塚,38.020178,139.37949
774,中条,38.049342,139.397541
775,平木田,38.094338,139.427835
776,坂町,38.119277,139.445838
777,平林(新潟),38.150027,139.459045
778,岩船町,38.183564,139.459643
779,村上(新潟),38.219851,139.463306
780,間島,38.273078,139.450229
781,越後早川,38.316185,139.449887
782,桑川,38.375162,139.458838
783,今川(新潟),38.410081,139.468389
784,越後寒川,38.448689,139.489948
785,勝木,38.490315,139.517468
786,府屋,38.513324,139.530452
787,鼠ヶ関,38.555433,139.548827
788,小岩川,38.590399,139.56583
789,あつみ温泉,38.624217,139.587955
790,五十川,38.670658,139.616182
791,小波渡,38.692484,139.649836
792,三瀬,38.699448,139.673643
793,羽前水沢,38.713444,139.731372
794,羽前大山,38.742155,139.768194
795,鶴岡,38.74011,139.83538
796,藤島,38.768646,139.894087
797,西袋,38.811528,139.907754
798,余目,38.844321,139.911348
799,北余目,38.867538,139.908074
800,砂越,38.895195,139.907345
801,東酒田,38.907518,139.875495
802,酒田,38.922194,139.845987
803,本楯,38.968648,139.882081
804,南鳥海,38.98736,139.898662
805,遊佐,39.015943,139.905161
806,吹浦,39.069934,139.878762
807,女鹿,39.098807,139.880963
808,小砂川,39.137507,139.885692
809,上浜,39.164738,139.902823
810,象潟,39.2078,139.902205
811,金浦,39.256183,139.920662
812,仁賀保,39.28979,139.964596
813,西目,39.347536,140.018518
814,羽後本荘,39.386877,140.057632
815,羽後岩谷,39.442075,140.0906
816,折渡,39.476423,140.091097
817,羽後亀田,39.493884,140.063032
818,岩城みなと,39.545487,140.055122
819,道川,39.56054,140.057049
820,下浜,39.619678,140.064567
821,桂根,39.647566,140.066482
822,新屋(秋田),39.677493,140.087799
823,羽後牛島,39.695834,140.116467
824,出戸浜,39.844473,140.024374
825,上二田,39.869089,140.00409
826,二田,39.88174,139.987171
827,天王,39.898782,139.963609
828,船越,39.90473,139.946804
829,脇本,39.915172,139.902657
830,羽立,39.904569,139.86205
831,男鹿,39.884571,139.848647
832,福島(福島),37.754123,140.45968
833,笹木野,37.765926,140.425985
834,庭坂,37.771537,140.389847
835,赤岩,37.80567,140.335545
836,板谷,37.811627,140.268815
837,峠,37.811935,140.236041
838,大沢(山形),37.839775,140.19801
839,関根,37.864592,140.146284
840,米沢,37.909478,140.128209
841,置賜,37.954093,140.142496
842,高畠,37.992314,140.15281
843,赤湯,38.047081,140.148978
844,中川(山形),38.093349,140.203553
845,羽前中山,38.124158,140.218318
846,かみのやま温泉,38.152259,140.27867
847,茂吉記念館前,38.171249,140.298167
848,蔵王,38.20592,140.303299
849,山形,38.248098,140.327253
850,北山形,38.265902,140.332658
851,羽前千歳,38.287313,140.342168
852,南出羽,38.302834,140.344692
853,漆山,38.314477,140.347661
854,高擶,38.330726,140.358832
855,天童南,38.342489,140.365853
856,天童,38.35989,140.369303
857,乱川,38.386554,140.374663
858,神町,38.412276,140.378389
859,さくらんぼ東根,38.42806,140.380677
860,東根,38.450863,140.384035
861,村山(山形),38.477078,140.386399
862,袖崎,38.548259,140.391295
863,大石田,38.595916,140.375349
864,北大石田,38.629487,140.371234
865,芦沢,38.655258,140.361016
866,舟形,38.691583,140.316157
867,仙台(JR),38.260027,140.882158
868,東照宮,38.277262,140.88682
869,北仙台,38.281594,140.869885
870,北山(宮城),38.285154,140.851876
871,東北福祉大前,38.280468,140.842683
872,国見(宮城),38.274783,140.8335
873,葛岡,38.268816,140.818583
874,陸前落合,38.273379,140.789896
875,愛子,38.272661,140.761517
876,陸前白沢,38.278117,140.702333
877,熊ヶ根,38.297947,140.680633
878,作並,38.317738,140.632467
879,奥新川,38.325953,140.594329
880,面白山高原,38.333071,140.49712
881,山寺,38.309561,140.434773
882,高瀬(山形),38.301677,140.396074
883,楯山,38.301632,140.370598
884,東金井,38.277058,140.302666
885,羽前山辺,38.294756,140.271571
886,羽前金沢,38.320837,140.270516
887,羽前長崎,38.332969,140.273018
888,南寒河江,38.356033,140.27767
889,寒河江,38.372548,140.274487
890,西寒河江,38.379627,140.26662
891,羽前高松,38.397494,140.248666
892,柴橋,38.380425,140.227695
893,左沢,38.382223,140.208132
894,南米沢,37.896043,140.108364
895,西米沢,37.917279,140.08481
896,成島(山形),37.94335,140.075584
897,中郡(山形),37.969109,140.067286
898,羽前小松,38.004721,140.048503
899,犬川,38.025333,140.052038
900,今泉,38.056697,140.04412
901,萩生,38.06182,140.004207
902,羽前椿,38.038636,139.994293
903,手ノ子,38.011766,139.961264
904,羽前沼沢,38.028698,139.872497
905,伊佐領,38.05105,139.822635
906,羽前松岡,38.045391,139.780445
907,小国,38.061422,139.750167
908,越後金丸,38.066474,139.663521
909,越後片貝,38.070712,139.62239
910,越後下関,38.090037,139.560024
911,越後大島,38.099721,139.518209
912,升形,38.751646,140.24423
913,羽前前波,38.747654,140.209525
914,津谷,38.737618,140.186375
915,古口,38.737129,140.14602
916,高屋,38.752567,140.070936
917,清川,38.790152,140.020761
918,狩川,38.79367,139.976777
919,南野,38.81813,139.944742
920,小牛田,38.541111,141.064355
921,北浦(宮城),38.55985,141.02305
922,陸前谷地,38.565152,140.999453
923,古川,38.571192,140.967876
924,塚目,38.572474,140.937093
925,西古川,38.578214,140.895416
926,東大崎,38.605627,140.897015
927,西大崎,38.629986,140.889638
928,岩出山,38.652508,140.871492
929,有備館,38.658135,140.86442
930,上野目,38.680563,140.859342
931,池月,38.708948,140.835732
932,川渡温泉,38.736834,140.779317
933,鳴子御殿湯,38.744612,140.737148
934,鳴子温泉,38.743193,140.715939
935,中山平温泉,38.726568,140.668103
936,堺田,38.73549,140.612902
937,赤倉温泉,38.730535,140.553647
938,立小路,38.742045,140.542678
939,最上,38.755959,140.517712
940,大堀,38.76592,140.475377
941,鵜杉,38.764962,140.453698
942,瀬見温泉,38.755192,140.419557
943,東長沢,38.718898,140.382195
944,長沢,38.709782,140.365969
945,南新庄,38.721629,140.316212
946,あおば通,38.260749,140.878514
947,仙台(仙台市交通局),38.259901,140.879928
948,榴ヶ岡,38.258792,140.893782
949,宮城野原,38.26115,140.905155
950,陸前原ノ町,38.266017,140.910638
951,苦竹,38.268722,140.918867
952,小鶴新田,38.273455,140.935446
953,福田町,38.274967,140.958252
954,陸前高砂,38.27344,140.967607
955,中野栄,38.280796,140.985236
956,多賀城,38.291656,141.005375
957,下馬,38.305833,141.014965
958,西塩釜,38.31194,141.018419
959,本塩釜,38.317715,141.022477
960,東塩釜,38.325572,141.031665
961,陸前浜田,38.350747,141.041818
962,松島海岸,38.368529,141.058523
963,高城町,38.382731,141.07344
964,手樽,38.38715,141.092846
965,陸前富山,38.386307,141.107208
966,陸前大塚,38.379078,141.12947
967,東名,38.375189,141.143978
968,野蒜,38.379071,141.15681
969,陸前小野,38.396018,141.174345
970,鹿妻,38.403315,141.190073
971,矢本,38.420432,141.209148
972,東矢本,38.427993,141.22216
973,陸前赤井,38.432442,141.238883
974,石巻あゆみ野,38.436111,141.259444
975,蛇田,38.438218,141.277652
976,陸前山下,38.437718,141.288868
977,石巻,38.43538,141.303553
978,上涌谷,38.549194,141.099473
979,涌谷,38.538151,141.127359
980,前谷地,38.512187,141.194345
981,佳景山,38.497974,141.239622
982,鹿又,38.485851,141.283016
983,曽波神,38.465993,141.287848
984,陸前稲井,38.445463,141.334847
985,渡波,38.420051,141.365123
986,万石浦,38.428855,141.368555
987,沢田,38.432397,141.38234
988,浦宿,38.436542,141.421355
989,女川,38.446764,141.443955
990,和渕,38.525772,141.220428
991,のの岳,38.552567,141.225813
992,陸前豊里,38.582481,141.244674
993,御岳堂,38.605662,141.264718
994,柳津(宮城),38.611864,141.306369
995,陸前横山,38.631019,141.354201
996,陸前戸倉,38.64775,141.43335
997,志津川,38.676666,141.449625
998,清水浜,38.691889,141.489623
999,歌津,38.718293,141.519751
1000,陸前港,38.739198,141.531026
1001,蔵内,38.753577,141.525006
1002,陸前小泉,38.767626,141.508008
1003,本吉,38.786738,141.502616
1004,小金沢,38.796359,141.533986
1005,大谷海岸,38.814266,141.567134
1006,陸前階上,38.837431,141.580276
1007,最知,38.853374,141.58127
1008,松岩,38.873694,141.583137
1009,南気仙沼,38.895078,141.576671
1010,不動の沢,38.898482,141.562681
1011,郡山(福島),37.398187,140.389363
1012,郡山富田,37.420643,140.369167
1013,喜久田,37.451746,140.341912
1014,安子ヶ島,37.472048,140.310133
1015,磐梯熱海,37.480743,140.2707
1016,中山宿,37.495648,140.219401
1017,上戸,37.487848,140.163538
1018,猪苗代湖畔,37.500563,140.147564
1019,関都,37.515577,140.143619
1020,川桁,37.535639,140.136869
1021,猪苗代,37.546286,140.103122
1022,翁島,37.552837,140.054079
1023,磐梯町,37.557305,139.993413
1024,東長原,37.566465,139.948239
1025,広田,37.549235,139.933343
1026,会津若松,37.508824,139.930159
1027,堂島,37.554723,139.911706
1028,笈川,37.579117,139.895318
1029,塩川,37.59393,139.88716
1030,姥堂,37.615952,139.881001
1031,会津豊川,37.633499,139.876787
1032,喜多方,37.643886,139.868365
1033,山都,37.639228,139.766534
1034,荻野,37.617613,139.722119
1035,尾登,37.609024,139.691542
1036,野沢,37.590898,139.64462
1037,上野尻,37.625041,139.633869
1038,徳沢,37.666876,139.602879
1039,豊実,37.680541,139.576348
1040,日出谷,37.705699,139.533985
1041,鹿瀬,37.695656,139.479663
1042,津川,37.68817,139.447136
1043,三川(新潟),37.70835,139.381482
1044,五十島,37.715974,139.353419
1045,東下条,37.736876,139.321815
1046,咲花,37.735003,139.29095
1047,馬下,37.737569,139.260466
1048,猿和田,37.729594,139.222481
1049,五泉,37.734373,139.179785
1050,北五泉,37.746785,139.169758
1051,新関,37.768096,139.162508
1052,東新津,37.787638,139.143768
1053,七日町,37.50121,139.918958
1054,西若松,37.486034,139.914172
1055,会津本郷,37.463488,139.892987
1056,会津高田,37.470839,139.841266
1057,根岸(福島),37.501885,139.828603
1058,新鶴,37.517161,139.828499
1059,若宮,37.535243,139.828321
1060,会津坂下,37.556695,139.821509
1061,塔寺,37.569368,139.785241
1062,会津坂本,37.553266,139.756802
1063,会津柳津,37.538664,139.723817
1064,郷戸,37.51636,139.709911
1065,滝谷(福島),37.494315,139.69799
1066,会津桧原,37.491664,139.679382
1067,会津西方,37.480937,139.661528
1068,会津宮下,37.471169,139.647102
1069,早戸,37.469953,139.593605
1070,会津水沼,37.483026,139.560733
1071,会津中川,37.473785,139.532135
1072,会津川口,37.455076,139.52384
1073,本名,37.44476,139.49882
1074,会津越川,37.398684,139.469405
1075,会津横田,37.392353,139.435853
1076,会津大塩,37.392803,139.413044
1077,会津塩沢,37.393599,139.355096
1078,会津蒲生,37.381775,139.333213
1079,只見,37.350239,139.314783
1080,田子倉,37.317869,139.255142
1081,大白川,37.341687,139.121373
1082,柿ノ木,37.341195,139.08933
1083,入広瀬,37.358818,139.06599
1084,上条(新潟),37.346836,139.050698
1085,越後須原,37.320591,139.017463
1086,魚沼田中,37.294413,138.992578
1087,越後広瀬,37.274363,138.981141
1088,藪神,37.256737,138.975698
1089,小出,37.233581,138.953526
1090,いわき,37.058241,140.892273
1091,赤井,37.080631,140.866294
1092,小川郷,37.126446,140.862514
1093,江田(福島),37.179389,140.82609
1094,川前,37.20559,140.750335
1095,夏井,37.253108,140.662552
1096,小野新町,37.275819,140.63656
1097,神俣,37.324186,140.659487
1098,菅谷,37.351024,140.644185
1099,大越,37.386746,140.630693
1100,磐城常葉,37.420611,140.605579
1101,船引,37.44291,140.574558
1102,要田,37.453969,140.520773
1103,三春,37.449841,140.479275
1104,舞木,37.416716,140.435074
1105,黒磯,36.970128,140.060204
1106,高久,36.996572,140.087346
1107,黒田原,37.022848,140.119586
1108,豊原,37.055014,140.155066
1109,白坂,37.09457,140.184388
1110,新白河,37.12331,140.188969
1111,白河,37.129692,140.213742
1112,久田野,37.137048,140.259458
1113,泉崎,37.15835,140.299026
1114,矢吹,37.205286,140.327983
1115,鏡石,37.250733,140.346812
1116,須賀川,37.300335,140.372014
1117,安積永盛,37.356967,140.368943
1118,日和田,37.446405,140.388333
1119,五百川,37.482887,140.38785
1120,本宮(福島),37.514177,140.399534
1121,杉田(福島),37.563307,140.413663
1122,二本松,37.589598,140.435389
1123,安達,37.611724,140.466042
1124,松川,37.653825,140.48442
1125,金谷川,37.680526,140.452244
1126,南福島,37.723665,140.456074
1127,東福島,37.800447,140.478058
1128,伊達,37.823917,140.493255
1129,桑折,37.855258,140.517508
1130,藤田,37.879062,140.539722
1131,貝田,37.908226,140.58106
1132,越河,37.933616,140.604572
1133,白石(宮城),38.003581,140.626164
1134,東白石,38.034935,140.651109
1135,北白川,38.032607,140.692613
1136,大河原(宮城),38.047491,140.740142
1137,船岡(宮城),38.059298,140.767366
1138,槻木,38.07864,140.809992
1139,岩沼,38.11205,140.863783
1140,館腰,38.142987,140.880208
1141,名取,38.173017,140.882753
1142,南仙台,38.197384,140.883296
1143,太子堂,38.21711,140.883436
1144,長町,38.226797,140.885986
1145,東仙台,38.276512,140.920204
1146,岩切,38.300773,140.954617
1147,新利府,38.317059,140.972609
1148,利府,38.329483,140.984652
1149,陸前山王,38.299586,140.97917
1150,国府多賀城,38.300933,140.99411
1151,塩釜,38.309584,141.009564
1152,松島,38.379892,141.065982
1153,愛宕(宮城),38.397371,141.065
1154,品井沼,38.431539,141.082408
1155,鹿島台,38.474708,141.097965
1156,松山町,38.512332,141.075187
1157,田尻,38.596246,141.058912
1158,瀬峰,38.655153,141.07383
1159,梅ヶ沢,38.681678,141.085278
1160,新田(宮城),38.711475,141.119428
1161,石越,38.768778,141.15906
1162,油島,38.797113,141.175706
1163,花泉,38.83331,141.180013
1164,清水原,38.854915,141.156576
1165,有壁,38.867371,141.120994
1166,山ノ目,38.951253,141.131921
1167,平泉,38.987935,141.117786
1168,前沢,39.048686,141.12624
1169,陸中折居,39.094185,141.140864
1170,水沢,39.138998,141.146395
1171,金ヶ崎,39.199615,141.112894
1172,六原,39.227894,141.097605
1173,村崎野,39.323027,141.120442
1174,花巻空港,39.442639,141.127625
1175,石鳥谷,39.490919,141.146861
1176,日詰,39.538734,141.160637
1177,紫波中央,39.5549,141.15995
1178,古館,39.580844,141.154575
1179,矢幅,39.613293,141.148299
1180,岩手飯岡,39.65373,141.146861
1181,仙北町,39.687919,141.148814
1182,東京,35.681391,139.766103
1183,新橋,35.666195,139.758587
1184,品川,35.62876,139.738999
1185,川崎,35.531311,139.697485
1186,横浜,35.466195,139.622704
1187,戸塚,35.400432,139.534282
1188,大船,35.353466,139.531127
1189,藤沢,35.338882,139.487293
1190,辻堂,35.336847,139.447106
1191,茅ケ崎,35.330741,139.407197
1192,平塚,35.327647,139.349063
1193,大磯,35.311299,139.313388
1194,二宮(JR),35.298644,139.256925
1195,国府津,35.280832,139.212932
1196,鴨宮,35.275744,139.180147
1197,小田原,35.256225,139.155772
1198,早川,35.238875,139.145014
1199,根府川,35.202455,139.138504
1200,真鶴,35.156837,139.132148
1201,湯河原,35.146178,139.102142
1202,熱海,35.103573,139.077679
1203,大崎,35.619772,139.728439
1204,五反田,35.625974,139.723822
1205,目黒,35.633923,139.715775
1206,恵比寿,35.646685,139.71007
1207,渋谷,35.658871,139.701238
1208,原宿,35.670646,139.702592
1209,明治神宮前(原宿),35.669071,139.703995
1210,代々木,35.683061,139.702042
1211,新宿,35.689729,139.700464
1212,新大久保,35.700875,139.700261
1213,高田馬場,35.712677,139.703715
1214,目白,35.720476,139.706228
1215,池袋,35.730256,139.711086
1216,大塚(東京),35.731412,139.728584
1217,大塚駅前,35.732082,139.729593
1218,巣鴨,35.733445,139.739303
1219,駒込,35.736825,139.748053
1220,田端,35.737781,139.761229
1221,西日暮里,35.731954,139.766857
1222,日暮里,35.727908,139.771287
1223,鶯谷,35.721484,139.778015
1224,上野,35.71379,139.777043
1225,御徒町,35.707282,139.774727
1226,上野広小路,35.70768,139.772877
1227,仲御徒町,35.706649,139.776138
1228,上野御徒町,35.707893,139.774332
1229,秋葉原,35.698619,139.773288
1230,神田(東京),35.691173,139.770641
1231,有楽町,35.675441,139.763806
1232,浜松町,35.655391,139.757135
1233,田町(東京),35.645736,139.747575
1234,高輪ゲートウェイ,35.635475,139.740757
1235,尻手,35.530939,139.684233
1236,矢向,35.539408,139.68055
1237,鹿島田,35.551459,139.674964
1238,平間,35.560565,139.671039
1239,向河原,35.572891,139.66725
1240,武蔵小杉,35.57669,139.65963
1241,武蔵中原,35.581498,139.640613
1242,武蔵新城,35.587369,139.629419
1243,武蔵溝ノ口,35.598923,139.61139
1244,溝の口,35.59984,139.610487
1245,津田山,35.604259,139.600002
1246,久地,35.610363,139.592714
1247,宿河原,35.615429,139.579565
1248,登戸,35.620889,139.570028
1249,中野島,35.630135,139.5501
1250,稲田堤,35.633701,139.535173
1251,矢野口,35.641305,139.520849
1252,稲城長沼,35.644184,139.502811
1253,南多摩,35.649249,139.489781
1254,府中本町,35.665766,139.477142
1255,分倍河原,35.668493,139.468798
1256,西府,35.670912,139.457477
1257,谷保,35.681377,139.446724
1258,矢川,35.685079,139.431611
1259,西国立,35.69375,139.423887
1260,立川,35.698202,139.413704
1261,八丁畷,35.523071,139.691446
1262,川崎新町,35.518234,139.699348
1263,小田栄,35.5145,139.704944
1264,浜川崎,35.510428,139.713483
1265,鶴見,35.508387,139.67614
1266,京急鶴見,35.507032,139.677743
1267,国道,35.50083,139.675599
1268,鶴見小野,35.497005,139.681226
1269,弁天橋,35.495758,139.689451
1270,浅野,35.497555,139.695739
1271,新芝浦,35.491914,139.7001
1272,海芝浦,35.486073,139.700603
1273,安善,35.499668,139.700663
1274,大川,35.495646,139.711038
1275,武蔵白石,35.501912,139.706513
1276,昭和,35.506836,139.723897
1277,扇町(神奈川),35.501452,139.722147
1278,北府中,35.68088,139.471792
1279,西国分寺,35.699744,139.465994
1280,新小平,35.73128,139.470745
1281,新秋津,35.778331,139.493592
1282,東所沢,35.79461,139.513878
1283,新座,35.80381,139.556328
1284,北朝霞,35.815475,139.587322
1285,朝霞台,35.814328,139.587189
1286,西浦和,35.844139,139.627707
1287,武蔵浦和,35.846047,139.647974
1288,南浦和,35.847648,139.669125
1289,東浦和,35.864079,139.704627
1290,東川口,35.875246,139.744087
1291,南越谷,35.876106,139.790499
1292,新越谷,35.875186,139.789905
1293,越谷レイクタウン,35.876176,139.8221
1294,吉川,35.87662,139.843162
1295,吉川美南,35.868026,139.858445
1296,新三郷,35.858667,139.869341
1297,三郷(埼玉),35.845004,139.886341
1298,南流山,35.838035,139.903865
1299,新松戸,35.825467,139.921076
1300,幸谷,35.826642,139.919912
1301,新八柱,35.792013,139.938393
1302,八柱,35.791394,139.937362
1303,東松戸,35.770611,139.943848
1304,市川大野,35.755432,139.951227
1305,船橋法典,35.730435,139.966771
1306,西船橋,35.707283,139.959536
1307,東神奈川,35.47804,139.633466
1308,京急東神奈川,35.477412,139.634669
1309,大口,35.492375,139.646288
1310,菊名,35.509749,139.630147
1311,新横浜,35.506824,139.617348
1312,小机,35.508533,139.599787
1313,鴨居,35.510955,139.56707
1314,中山(神奈川),35.514745,139.539692
1315,十日市場(神奈川),35.526254,139.51669
1316,長津田,35.531698,139.49468
1317,成瀬,35.535412,139.472875
1318,町田,35.542004,139.445579
1319,古淵,35.556055,139.419151
1320,淵野辺,35.568784,139.395075
1321,矢部,35.573275,139.386373
1322,相模原,35.58113,139.371007
1323,橋本(神奈川),35.594975,139.344586
1324,相原,35.60694,139.33169
1325,八王子みなみ野,35.630664,139.330678
1326,片倉,35.639704,139.34119
1327,八王子,35.655555,139.338998
1328,桜木町,35.451112,139.630881
1329,関内,35.443336,139.636984
1330,石川町,35.438808,139.642934
1331,山手,35.426891,139.646425
1332,根岸(神奈川),35.415887,139.636034
1333,磯子,35.399881,139.617916
1334,新杉田,35.386863,139.619483
1335,洋光台,35.378785,139.596852
1336,港南台,35.375183,139.576243
1337,本郷台,35.36787,139.550159
1338,西大井,35.601616,139.721729
1339,新川崎,35.551784,139.671481
1340,保土ケ谷,35.446746,139.599671
1341,東戸塚,35.430353,139.556794
1342,北鎌倉,35.337198,139.545134
1343,鎌倉,35.318793,139.550428
1344,逗子,35.297392,139.578292
1345,東逗子,35.298781,139.601768
1346,田浦,35.29271,139.637726
1347,横須賀,35.284022,139.655855
1348,衣笠,35.257091,139.661193
1349,久里浜,35.233107,139.700862
1350,京急久里浜,35.231332,139.702139
1351,北茅ケ崎,35.339167,139.407569
1352,香川,35.35655,139.400044
1353,寒川,35.367579,139.387452
1354,宮山,35.382261,139.379639
1355,倉見,35.395098,139.378422
1356,門沢橋,35.406761,139.380139
1357,社家,35.420543,139.377281
1358,厚木,35.44375,139.378631
1359,海老名,35.454282,139.389328
1360,入谷(神奈川),35.478478,139.391913
1361,相武台下,35.492734,139.386297
1362,下溝,35.518516,139.380428
1363,原当麻,35.528978,139.375355
1364,番田(神奈川),35.545392,139.362988
1365,上溝,35.557623,139.36315
1366,南橋本,35.58042,139.352484
1367,四ツ谷(四ッ谷),35.686041,139.730644
1368,吉祥寺,35.703119,139.579765
1369,三鷹,35.702683,139.560325
1370,国分寺,35.700123,139.480841
1371,日野(東京),35.679244,139.39393
1372,豊田,35.659502,139.381495
1373,西八王子,35.656621,139.31264
1374,高尾(東京),35.642026,139.282288
1375,相模湖,35.617335,139.1885
1376,藤野,35.615918,139.15239
1377,上野原,35.618747,139.115787
1378,四方津,35.614252,139.072572
1379,梁川(山梨),35.605271,139.038076
1380,鳥沢,35.608118,139.003345
1381,猿橋,35.61288,138.968388
1382,大月,35.613222,138.942729
1383,初狩,35.594274,138.883966
1384,笹子,35.603921,138.825205
1385,甲斐大和,35.639364,138.781632
1386,勝沼ぶどう郷,35.67279,138.74323
1387,塩山,35.705327,138.734796
1388,東山梨,35.694313,138.703026
1389,山梨市,35.684961,138.683003
1390,春日居町,35.673491,138.659
1391,石和温泉,35.657603,138.634577
1392,酒折,35.659486,138.598852
1393,甲府,35.667054,138.569015
1394,竜王,35.668764,138.519298
1395,塩崎,35.687734,138.487521
1396,韮崎,35.709711,138.451357
1397,新府,35.736802,138.433093
1398,穴山,35.75107,138.413858
1399,日野春,35.79065,138.394316
1400,長坂,35.827061,138.366459
1401,小淵沢,35.863808,138.316351
1402,信濃境,35.884952,138.275419
1403,富士見,35.912183,138.238071
1404,すずらんの里,35.930288,138.211775
1405,青柳,35.942581,138.197612
1406,茅野,35.995062,138.151674
1407,上諏訪,36.046618,138.116306
1408,下諏訪,36.071948,138.084953
1409,岡谷,36.056693,138.045001
1410,みどり湖,36.094176,137.981928
1411,川岸,36.03296,138.021937
1412,辰野,35.984565,137.997238
1413,信濃川島,36.013642,137.97185
1414,小野(長野),36.04693,137.9706
1415,塩尻,36.114364,137.947961
1416,御茶ノ水,35.699605,139.764955
1417,新御茶ノ水,35.698072,139.766014
1418,中野(東京),35.705765,139.665835
1419,高円寺,35.705326,139.649664
1420,阿佐ケ谷,35.704818,139.635868
1421,荻窪,35.704523,139.620109
1422,西荻窪,35.703842,139.599361
1423,武蔵境,35.702083,139.543402
1424,東小金井,35.701643,139.524837
1425,武蔵小金井,35.701337,139.506483
1426,国立,35.69923,139.44634
1427,東中野,35.706529,139.684436
1428,大久保(東京),35.700784,139.69732
1429,千駄ケ谷,35.681231,139.711644
1430,信濃町,35.680031,139.720729
1431,市ケ谷(市ヶ谷),35.691105,139.735241
1432,飯田橋,35.701835,139.745143
1433,水道橋,35.702039,139.754312
1434,浅草橋,35.697403,139.784427
1435,両国,35.69579,139.793334
1436,錦糸町,35.696802,139.814136
1437,亀戸,35.697345,139.826262
1438,平井(東京),35.70643,139.842181
1439,新小岩,35.716903,139.857777
1440,小岩,35.733207,139.881755
1441,市川,35.728903,139.908142
1442,本八幡,35.720898,139.92741
1443,京成八幡,35.723811,139.92816
1444,下総中山,35.714276,139.943092
1445,船橋,35.701865,139.984707
1446,京成船橋,35.700161,139.985451
1447,東船橋,35.699811,140.00393
1448,津田沼,35.691367,140.020179
1449,幕張本郷,35.672664,140.042241
1450,京成幕張本郷,35.672551,140.042091
1451,幕張,35.6594,140.057899
1452,京成幕張,35.66078,140.05591
1453,新検見川,35.65169,140.073025
1454,稲毛,35.637264,140.09256
1455,西千葉,35.622639,140.103337
1456,千葉,35.612926,140.113478
1457,京成千葉,35.611618,140.114267
1458,新日本橋,35.689016,139.774265
1459,三越前,35.687156,139.773571
1460,馬喰町,35.693365,139.78238
1461,東日本橋,35.692126,139.784821
1462,馬喰横山,35.69212,139.782768
1463,東千葉,35.617014,140.122261
1464,都賀,35.636088,140.149222
1465,四街道,35.662756,140.165023
1466,物井,35.68566,140.200263
1467,佐倉,35.709743,140.226722
1468,南酒々井,35.704217,140.267828
1469,榎戸(千葉),35.683967,140.288136
1470,八街,35.663228,140.317304
1471,日向,35.628402,140.362447
1472,成東,35.608513,140.410109
1473,松尾(千葉),35.63604,140.457587
1474,横芝,35.661739,140.490736
1475,飯倉,35.685638,140.522328
1476,八日市場,35.699317,140.552419
1477,干潟,35.718308,140.603304
1478,旭(千葉),35.721831,140.655041
1479,飯岡,35.729339,140.683896
1480,倉橋,35.737836,140.714018
1481,猿田,35.747383,140.7374
1482,松岸,35.739386,140.795143
1483,銚子,35.729449,140.827557
1484,西立川,35.703526,139.393556
1485,東中神,35.706337,139.384529
1486,中神,35.709058,139.375816
1487,昭島,35.713305,139.361564
1488,拝島,35.721278,139.343468
1489,牛浜,35.734547,139.333677
1490,福生,35.742456,139.327763
1491,羽村,35.758073,139.316188
1492,小作,35.776048,139.302233
1493,河辺,35.78473,139.284032
1494,東青梅,35.789768,139.272841
1495,青梅,35.790512,139.258096
1496,宮ノ平,35.787545,139.237289
1497,日向和田,35.788665,139.229515
1498,石神前,35.79683,139.225096
1499,二俣尾,35.803946,139.216161
1500,軍畑,35.807382,139.207431
1501,沢井,35.80594,139.193324
1502,御嶽,35.801468,139.182589
1503,川井,35.813697,139.16429
1504,古里(東京),35.816247,139.152102
1505,鳩ノ巣,35.815127,139.128932
1506,白丸,35.811735,139.114861
1507,奥多摩,35.809357,139.096961
1508,熊川,35.728321,139.33584
1509,東秋留,35.725904,139.311665
1510,秋川,35.727998,139.286715
1511,武蔵引田,35.729711,139.269907
1512,武蔵増戸,35.730961,139.256355
1513,武蔵五日市,35.732248,139.228039
1514,北八王子,35.669232,139.363348
1515,小宮,35.685799,139.368481
1516,東福生,35.745811,139.33594
1517,箱根ヶ崎,35.771158,139.346805
1518,金子,35.810822,139.328546
1519,東飯能,35.852928,139.325965
1520,高麗川,35.896328,139.33809
1521,毛呂,35.940806,139.309237
1522,越生,35.962559,139.299437
1523,明覚,36.003309,139.288789
1524,小川町(埼玉),36.05903,139.260412
1525,竹沢,36.075466,139.229952
1526,折原,36.096296,139.195205
1527,寄居,36.118013,139.194224
1528,用土,36.153858,139.200758
1529,松久,36.172938,139.182127
1530,児玉,36.192624,139.13582
1531,丹荘,36.216668,139.102306
1532,群馬藤岡,36.250336,139.08338
1533,北藤岡,36.282469,139.080779
1534,倉賀野,36.300216,139.049474
1535,高崎,36.322239,139.012354
1536,尾久,35.74683,139.753846
1537,赤羽,35.778026,139.720928
1538,浦和,35.858496,139.657109
1539,さいたま新都心,35.893867,139.633587
1540,大宮(埼玉),35.906439,139.62405
1541,土呂,35.931997,139.63214
1542,東大宮,35.948751,139.640291
1543,蓮田,35.981272,139.653016
1544,白岡,36.01774,139.666826
1545,新白岡,36.038732,139.67208
1546,久喜,36.065684,139.67727
1547,東鷲宮,36.089428,139.67913
1548,栗橋,36.136852,139.694177
1549,古河,36.194375,139.709726
1550,野木,36.229963,139.734729
1551,間々田,36.257907,139.761039
1552,小山,36.312747,139.806241
1553,小金井,36.374435,139.842232
1554,自治医大,36.39543,139.854524
1555,石橋(栃木),36.43651,139.866536
1556,雀宮,36.493845,139.876811
1557,宇都宮,36.559246,139.898389
1558,岡本(栃木),36.598182,139.944363
1559,宝積寺,36.631703,139.979487
1560,氏家,36.681696,139.9621
1561,蒲須坂,36.720727,139.950461
1562,片岡,36.754557,139.945665
1563,矢板,36.80655,139.932912
1564,野崎(栃木),36.843722,139.957752
1565,西那須野,36.883726,139.986383
1566,那須塩原,36.931956,140.020694
1567,三河島,35.733383,139.777131
1568,南千住,35.734033,139.7994
1569,北千住,35.749677,139.804872
1570,綾瀬,35.762222,139.825019
1571,亀有,35.766527,139.847573
1572,金町,35.769582,139.870482
1573,京成金町,35.768471,139.870387
1574,松戸,35.784472,139.900779
1575,北松戸,35.800459,139.911528
1576,馬橋,35.811682,139.917305
1577,北小金,35.833436,139.931303
1578,南柏,35.844655,139.954111
1579,柏,35.862316,139.971148
1580,北柏,35.875623,139.988035
1581,我孫子,35.87279,140.010466
1582,天王台,35.872558,140.04121
1583,取手,35.89553,140.063004
1584,藤代,35.920565,140.118251
1585,龍ケ崎市,35.929872,140.138068
1586,佐貫,35.929781,140.138477
1587,牛久,35.975314,140.141039
1588,ひたち野うしく,36.007996,140.158408
1589,荒川沖,36.030552,140.16592
1590,土浦,36.078644,140.206238
1591,神立,36.120424,140.248615
1592,高浜(茨城),36.163882,140.294745
1593,石岡,36.191554,140.279709
1594,羽鳥,36.247661,140.28679
1595,岩間,36.295508,140.276493
1596,友部,36.350597,140.306306
1597,内原,36.370111,140.35282
1598,赤塚,36.381755,140.415248
1599,偕楽園,36.373041,140.456292
1600,水戸,36.370911,140.47676
1601,勝田,36.394033,140.524482
1602,佐和,36.430409,140.540477
1603,東海,36.465378,140.565835
1604,大甕,36.513052,140.619362
1605,常陸多賀,36.552145,140.632682
1606,日立,36.590408,140.661883
1607,小木津,36.636533,140.67526
1608,十王,36.671385,140.68623
1609,高萩,36.714873,140.716707
1610,南中郷,36.753501,140.729028
1611,磯原,36.790684,140.746366
1612,大津港,36.846085,140.778001
1613,勿来,36.883883,140.786506
1614,植田(福島),36.920649,140.796468
1615,泉(JR),36.955602,140.854125
1616,湯本,37.006922,140.849884
1617,内郷,37.035895,140.855005
1618,草野(福島),37.073863,140.947243
1619,四ツ倉,37.102338,140.980907
1620,久ノ浜,37.142465,140.995741
1621,末続,37.172156,140.995565
1622,広野(福島),37.21157,140.998769
1623,Jヴィレッジ,37.242294,141.007589
1624,木戸,37.257875,141.00247
1625,竜田,37.282485,141.002822
1626,富岡,37.335261,141.022274
1627,夜ノ森,37.365761,140.991988
1628,大野,37.409367,140.984163
1629,双葉,37.453795,141.005815
1630,浪江,37.492291,140.989521
1631,桃内,37.52866,140.984352
1632,小高,37.56298,140.996375
1633,磐城太田,37.605114,140.991407
1634,原ノ町,37.6379,140.971161
1635,鹿島,37.702827,140.970062
1636,日立木,37.756081,140.934642
1637,相馬,37.802455,140.925713
1638,駒ヶ嶺,37.842353,140.925075
1639,新地,37.87925,140.925649
1640,坂元,37.924326,140.900938
1641,山下(宮城),37.966472,140.888993
1642,浜吉田,38.002195,140.890083
1643,亘理,38.039776,140.861317
1644,逢隈,38.067584,140.854669
1645,板橋,35.745435,139.719507
1646,十条(東京),35.760321,139.722233
1647,北赤羽,35.787007,139.70569
1648,浮間舟渡,35.791209,139.691341
1649,戸田公園,35.807906,139.678203
1650,戸田(埼玉),35.817665,139.669548
1651,北戸田,35.826883,139.661201
1652,中浦和,35.853769,139.6375
1653,南与野,35.867456,139.631117
1654,与野本町,35.880968,139.626075
1655,北与野,35.890678,139.628521
1656,日進(埼玉),35.931555,139.606111
1657,指扇,35.917023,139.564951
1658,南古谷,35.903344,139.519082
1659,川越,35.906742,139.483078
1660,西大宮,35.922297,139.57985
1661,西川越,35.91909,139.459746
1662,的場,35.917478,139.435376
1663,笠幡,35.907551,139.40622
1664,武蔵高萩,35.901729,139.371123
1665,宮原,35.940256,139.609455
1666,上尾,35.973522,139.588434
1667,北上尾,35.985632,139.577223
1668,桶川,35.998375,139.564274
1669,北本,36.032112,139.533591
1670,鴻巣,36.0592,139.509552
1671,北鴻巣,36.085529,139.476894
1672,吹上(埼玉),36.103062,139.45312
1673,行田,36.113879,139.432103
1674,熊谷,36.139627,139.389528
1675,籠原,36.17448,139.330199
1676,深谷,36.191344,139.28127
1677,岡部,36.205645,139.237622
1678,本庄,36.236229,139.188299
1679,神保原,36.25359,139.149172
1680,新町(群馬),36.272984,139.105457
1681,本千葉,35.601202,140.120987
1682,蘇我,35.582065,140.130767
1683,鎌取,35.562795,140.178583
1684,誉田,35.546996,140.213748
1685,土気,35.530866,140.269783
1686,大網,35.522427,140.311111
1687,永田(千葉),35.503129,140.311162
1688,本納,35.48227,140.30758
1689,新茂原,35.449477,140.29983
1690,茂原,35.426733,140.304121
1691,八積,35.403971,140.345367
1692,上総一ノ宮,35.373401,140.365138
1693,東浪見,35.34669,140.376706
1694,太東,35.319942,140.381184
1695,長者町,35.295839,140.385021
1696,三門,35.282377,140.391567
1697,大原(千葉),35.251097,140.390864
1698,浪花,35.222674,140.379428
1699,御宿,35.188028,140.35197
1700,勝浦,35.152722,140.312142
1701,鵜原,35.140828,140.278446
1702,上総興津,35.137146,140.250487
1703,行川アイランド,35.11832,140.226962
1704,安房小湊,35.128597,140.190337
1705,安房天津,35.125473,140.154487
1706,安房鴨川,35.107465,140.103566
1707,浜野,35.551876,140.132089
1708,八幡宿,35.536189,140.120072
1709,五井,35.512985,140.089522
1710,姉ヶ崎,35.4786,140.041749
1711,長浦(千葉),35.450234,139.995478
1712,袖ヶ浦,35.431997,139.95788
1713,巌根,35.414285,139.933229
1714,木更津,35.381668,139.92611
1715,君津,35.333619,139.895697
1716,青堀,35.330304,139.858189
1717,大貫,35.291661,139.855541
1718,佐貫町,35.260113,139.876106
1719,上総湊,35.221855,139.871016
1720,竹岡,35.197582,139.830159
1721,浜金谷,35.168215,139.822141
1722,保田(千葉),35.14148,139.838114
1723,安房勝山,35.114022,139.83339
1724,岩井,35.093062,139.849839
1725,富浦(千葉),35.04614,139.837811
1726,那古船形,35.028987,139.851388
1727,館山,34.9959,139.861888
1728,九重,34.99752,139.911383
1729,千倉,34.976704,139.954738
1730,千歳(千葉),34.991701,139.966378
1731,南三原,35.021065,139.979204
1732,和田浦,35.041885,140.019569
1733,江見,35.062513,140.061026
1734,太海,35.081435,140.096229
1735,八丁堀(東京),35.674617,139.777705
1736,越中島,35.667946,139.792713
1737,潮見,35.658702,139.817341
1738,新木場,35.646172,139.827402
1739,葛西臨海公園,35.644392,139.861529
1740,舞浜,35.636115,139.883714
1741,新浦安,35.649526,139.912553
1742,市川塩浜,35.666554,139.923684
1743,二俣新町,35.691273,139.959525
1744,南船橋,35.681804,139.995773
1745,新習志野,35.667342,140.012825
1746,幕張豊砂,35.658245,140.026845
1747,海浜幕張,35.648373,140.041917
1748,検見川浜,35.637291,140.058888
1749,稲毛海岸,35.629501,140.074034
1750,千葉みなと,35.607389,140.102478
1751,酒々井,35.731737,140.275271
1752,成田,35.777796,140.313853
1753,京成成田,35.776308,140.315473
1754,空港第2ビル(成田第2-第3ターミナル),35.773327,140.387871
1755,成田空港(成田第１ターミナル),35.763983,140.384644
1756,久住,35.832232,140.338929
1757,滑河,35.877079,140.347871
1758,下総神崎,35.8948,140.410657
1759,大戸,35.890004,140.457828
1760,佐原,35.894522,140.494074
1761,香取,35.897856,140.532367
1762,水郷,35.885508,140.570181
1763,小見川,35.849971,140.604587
1764,笹川,35.839753,140.655716
1765,下総橘,35.818673,140.702273
1766,下総豊里,35.792899,140.721011
1767,椎柴,35.765204,140.758875
1768,東我孫子,35.868945,140.047754
1769,湖北,35.867165,140.077959
1770,新木(千葉),35.862352,140.107048
1771,布佐,35.849371,140.13293
1772,木下,35.838817,140.147954
1773,小林(千葉),35.830783,140.193028
1774,安食,35.835682,140.242051
1775,下総松崎,35.807806,140.27749
1776,十二橋,35.916984,140.545707
1777,潮来,35.936904,140.549473
1778,延方,35.958072,140.58875
1779,鹿島神宮,35.970614,140.625676
1780,鹿島サッカースタジアム(臨),35.992707,140.63606
1781,祇園(千葉),35.391528,139.948111
1782,上総清川,35.390981,139.965612
1783,東清川,35.390017,139.985847
1784,横田,35.386207,140.020138
1785,東横田,35.386185,140.035995
1786,馬来田,35.36681,140.058485
1787,下郡,35.355018,140.055372
1788,小櫃,35.328252,140.059794
1789,俵田,35.314495,140.061386
1790,久留里,35.295812,140.075613
1791,平山,35.274312,140.064682
1792,上総松丘,35.258226,140.064046
1793,上総亀山,35.233153,140.089479
1794,福俵,35.54617,140.341904
1795,東金,35.560172,140.363743
1796,求名,35.579947,140.39626
1797,与野,35.884393,139.639085
1798,北浦和,35.872053,139.645951
1799,蕨,35.827959,139.690357
1800,西川口,35.815514,139.704312
1801,川口,35.801869,139.717472
1802,東十条,35.763803,139.726858
1803,王子,35.752389,139.73819
1804,王子駅前,35.752995,139.737871
1805,上中里,35.74728,139.745769
1806,大井町,35.606257,139.73485
1807,大森(東京),35.588903,139.728079
1808,蒲田,35.562517,139.716032
1809,新子安,35.487064,139.654776
1810,京急新子安,35.487242,139.655848
1811,下野花岡,36.649965,140.008606
1812,仁井田(栃木),36.657271,140.029573
1813,鴻野山,36.666495,140.051656
1814,大金,36.656275,140.095656
1815,小塙,36.643095,140.11656
1816,滝(栃木),36.648558,140.138152
1817,烏山,36.650455,140.15507
1818,渋川,36.491251,139.008786
1819,金島(群馬),36.529502,138.976421
1820,祖母島,36.540729,138.957042
1821,小野上,36.552524,138.922202
1822,小野上温泉,36.556909,138.904882
1823,市城,36.570685,138.882247
1824,中之条,36.585541,138.850908
1825,群馬原町,36.571694,138.824091
1826,郷原,36.54876,138.801073
1827,矢倉(群馬),36.552731,138.78428
1828,岩島,36.563239,138.759873
1829,川原湯温泉,36.545015,138.695509
1830,長野原草津口,36.5465,138.64959
1831,群馬大津,36.553792,138.628045
1832,羽根尾,36.550164,138.605502
1833,袋倉,36.543997,138.579141
1834,万座-鹿沢口,36.531967,138.551395
1835,大前,36.513696,138.528966
1836,北高崎,36.338791,139.001076
1837,群馬八幡,36.337641,138.957433
1838,安中,36.331657,138.914368
1839,磯部(群馬),36.298397,138.84965
1840,松井田,36.309151,138.797705
1841,西松井田,36.316067,138.786675
1842,横川(群馬),36.336009,138.737926
1843,常陸青柳,36.383582,140.484495
1844,常陸津田,36.404171,140.482914
1845,後台,36.423767,140.489899
1846,下菅谷,36.435394,140.494021
1847,中菅谷,36.445662,140.492626
1848,上菅谷,36.455378,140.492659
1849,南酒出,36.477361,140.498471
1850,額田(茨城),36.485705,140.503462
1851,河合,36.508241,140.517118
1852,谷河原,36.519782,140.52502
1853,常陸太田,36.531225,140.52777
1854,常陸鴻巣,36.472414,140.467455
1855,瓜連,36.497805,140.450438
1856,静,36.506012,140.438103
1857,常陸大宮,36.547554,140.412431
1858,玉川村,36.579088,140.374334
1859,野上原,36.605879,140.390127
1860,山方宿,36.6246,140.401244
1861,中舟生,36.645683,140.392242
1862,下小川,36.668975,140.387021
1863,西金,36.69548,140.386468
1864,上小川,36.719216,140.378604
1865,袋田,36.754718,140.379583
1866,常陸大子,36.770657,140.350855
1867,下野宮,36.815744,140.375282
1868,矢祭山,36.84978,140.395278
1869,東館,36.870264,140.423314
1870,南石井,36.894625,140.416902
1871,磐城石井,36.904516,140.415321
1872,磐城塙,36.95862,140.41205
1873,近津,37.000487,140.393699
1874,中豊,37.022479,140.393253
1875,磐城棚倉,37.035127,140.384423
1876,磐城浅川,37.079787,140.414329
1877,里白石,37.104195,140.416655
1878,磐城石川,37.140635,140.443969
1879,野木沢,37.175224,140.42097
1880,川辺沖,37.192794,140.405723
1881,泉郷,37.214494,140.405289
1882,川東(福島),37.270119,140.40622
1883,小塩江,37.295533,140.430246
1884,谷田川,37.31372,140.431117
1885,磐城守山,37.330776,140.406485
1886,小田林,36.300775,139.85353
1887,結城,36.298056,139.873028
1888,東結城,36.296554,139.891485
1889,川島,36.295918,139.916382
1890,玉戸,36.298547,139.93845
1891,下館,36.304197,139.97866
1892,新治,36.328082,140.039076
1893,大和(茨城),36.345567,140.073216
1894,岩瀬,36.359377,140.108739
1895,羽黒(茨城),36.355292,140.142947
1896,福原,36.351507,140.187249
1897,稲田,36.368903,140.21501
1898,笠間,36.373056,140.246515
1899,宍戸,36.344763,140.288243
1900,鶴田,36.538319,139.858818
1901,鹿沼,36.571222,139.762961
1902,文挟,36.637716,139.727778
1903,下野大沢,36.686427,139.732367
1904,今市,36.720388,139.687348
1905,日光,36.7474,139.62215
1906,東武日光,36.748233,139.61975
1907,高崎問屋町,36.346097,139.017089
1908,井野(群馬),36.357457,139.023247
1909,新前橋,36.378936,139.046924
1910,前橋,36.383399,139.072833
1911,前橋大島,36.370585,139.109557
1912,駒形,36.354145,139.139483
1913,伊勢崎,36.326849,139.193704
1914,国定,36.359018,139.242463
1915,岩宿,36.395861,139.297058
1916,桐生,36.41109,139.33319
1917,小俣(栃木),36.37496,139.374416
1918,山前,36.347369,139.411322
1919,足利,36.331888,139.456295
1920,あしかがフラワーパーク,36.315162,139.518454
1921,富田(栃木),36.316209,139.52865
1922,佐野,36.316668,139.578858
1923,岩舟,36.326561,139.657955
1924,大平下,36.344315,139.697264
1925,栃木,36.371912,139.731037
1926,思川,36.351044,139.781079
1927,群馬総社,36.415574,139.032221
1928,八木原,36.463738,139.019239
1929,敷島,36.537636,139.033897
1930,津久田,36.561063,139.042806
1931,岩本,36.602184,139.047438
1932,沼田,36.642513,139.035734
1933,後閑,36.679547,139.000078
1934,上牧(群馬),36.735616,138.984533
1935,水上,36.778614,138.9688
1936,湯檜曽,36.802683,138.986209
1937,土合,36.830696,138.967959
1938,土樽,36.875277,138.861446
1939,越後中里,36.910398,138.84846
1940,岩原スキー場前,36.924146,138.839438
1941,越後湯沢,36.935799,138.809227
1942,石打,36.988663,138.804221
1943,大沢(新潟),37.02117,138.82131
1944,上越国際スキー場前,37.028755,138.827973
1945,塩沢,37.041463,138.848399
1946,六日町,37.067065,138.875872
1947,五日町,37.1199,138.908346
1948,浦佐,37.167488,138.922798
1949,八色,37.191747,138.934854
1950,越後堀之内,37.23913,138.928003
1951,北堀之内,37.25588,138.896372
1952,越後川口,37.272983,138.861514
1953,小千谷,37.309822,138.813233
1954,越後滝谷,37.368724,138.834932
1955,宮内(新潟),37.422223,138.840204
1956,長岡,37.447787,138.853927
1957,甲斐小泉,35.879533,138.359402
1958,甲斐大泉,35.89624,138.409564
1959,清里,35.919093,138.436589
1960,野辺山,35.955289,138.474448
1961,信濃川上,35.975939,138.527345
1962,佐久広瀬,36.003724,138.519349
1963,佐久海ノ口,36.021128,138.490807
1964,海尻,36.041276,138.473536
1965,松原湖,36.060995,138.470509
1966,小海,36.08862,138.482806
1967,馬流,36.101824,138.485963
1968,高岩(長野),36.115711,138.477438
1969,八千穂,36.133281,138.477345
1970,海瀬,36.155743,138.485894
1971,羽黒下,36.166411,138.489618
1972,青沼,36.181259,138.489162
1973,臼田,36.194013,138.488309
1974,龍岡城,36.204184,138.490708
1975,太田部,36.220307,138.4878
1976,中込,36.23062,138.479389
1977,滑津,36.238716,138.475003
1978,北中込,36.254923,138.476661
1979,岩村田,36.27446,138.4724
1980,佐久平,36.277929,138.464367
1981,中佐都,36.280856,138.453549
1982,美里,36.292243,138.450177
1983,三岡,36.30415,138.44846
1984,乙女,36.311371,138.440527
1985,東小諸,36.317057,138.432144
1986,小諸,36.326337,138.422021
1987,富士,35.151497,138.651225
1988,柚木(JR),35.157468,138.639157
1989,竪堀,35.168075,138.645881
1990,入山瀬,35.188276,138.647622
1991,富士根,35.205251,138.63562
1992,源道寺,35.214463,138.627057
1993,富士宮,35.221409,138.614924
1994,西富士宮,35.225456,138.602567
1995,沼久保,35.199278,138.584283
1996,芝川,35.197272,138.563845
1997,稲子,35.230454,138.536892
1998,十島,35.230153,138.515802
1999,井出,35.247449,138.490989
2000,寄畑,35.264832,138.474932
2001,内船,35.282183,138.465068
2002,甲斐大島,35.32817,138.45218
2003,身延,35.361397,138.453021
2004,塩之沢,35.379626,138.453887
2005,波高島,35.418624,138.459747
2006,下部温泉,35.425751,138.472359
2007,甲斐常葉,35.444779,138.476975
2008,市ノ瀬,35.462345,138.482154
2009,久那土,35.48144,138.467391
2010,甲斐岩間,35.492539,138.463057
2011,落居,35.503612,138.471256
2012,鰍沢口,35.541375,138.470916
2013,市川大門,35.560451,138.493276
2014,市川本町,35.560684,138.502028
2015,芦川,35.563087,138.511241
2016,甲斐上野,35.569592,138.520465
2017,東花輪,35.594749,138.526935
2018,小井川,35.604442,138.528523
2019,常永,35.616877,138.532909
2020,国母,35.630567,138.552113
2021,甲斐住吉,35.63658,138.569892
2022,南甲府,35.643496,138.577274
2023,善光寺,35.65985,138.589278
2024,金手,35.662264,138.578845
2025,篠ノ井,36.5771,138.138046
2026,今井,36.595732,138.145347
2027,川中島,36.614167,138.150679
2028,安茂里,36.630262,138.161791
2029,長野,36.643307,138.189101
2030,直江津,37.170251,138.242265
2031,黒井(新潟),37.1837,138.267518
2032,犀潟,37.210345,138.305154
2033,土底浜,37.222719,138.324779
2034,潟町,37.234135,138.339902
2035,上下浜,37.252178,138.361569
2036,柿崎,37.277732,138.385933
2037,米山,37.316804,138.431266
2038,笠島,37.335794,138.467221
2039,青海川,37.346143,138.486169
2040,鯨波,37.355828,138.517263
2041,柏崎,37.363495,138.556303
2042,茨目,37.356986,138.586714
2043,安田(新潟),37.341155,138.612057
2044,北条,37.338262,138.636954
2045,越後広田,37.357354,138.661243
2046,長鳥,37.366405,138.684063
2047,塚山,37.355114,138.729829
2048,越後岩塚,37.38629,138.756372
2049,来迎寺,37.397136,138.783523
2050,前川,37.401795,138.823865
2051,北長岡,37.468768,138.86247
2052,押切,37.50467,138.880988
2053,見附,37.540094,138.904792
2054,帯織,37.572975,138.92848
2055,東光寺,37.593098,138.942956
2056,三条(新潟),37.620962,138.960593
2057,東三条,37.628491,138.973703
2058,保内,37.639322,139.014608
2059,加茂(新潟),37.658806,139.048959
2060,羽生田,37.693613,139.060715
2061,田上,37.719035,139.074599
2062,矢代田,37.748863,139.095654
2063,古津,37.7727,139.114252
2064,さつき野,37.812731,139.117466
2065,荻川,37.833307,139.111477
2066,亀田,37.877154,139.108065
2067,越後石山,37.896407,139.095429
2068,新潟,37.912299,139.060869
2069,東新潟,37.908773,139.108685
2070,大形,37.915518,139.129272
2071,新崎,37.922478,139.158558
2072,早通,37.92109,139.178173
2073,豊栄,37.919351,139.215347
2074,黒山,37.937128,139.241177
2075,佐々木,37.949716,139.270099
2076,西新発田,37.942097,139.303474
2077,北長野,36.665123,138.222534
2078,三才,36.686674,138.244079
2079,牟礼,36.753239,138.247121
2080,古間,36.792295,138.230461
2081,黒姫,36.807214,138.197195
2082,豊野,36.710642,138.274458
2083,信濃浅野,36.722011,138.294784
2084,立ヶ花,36.731257,138.307057
2085,上今井,36.753947,138.319478
2086,替佐,36.768999,138.323385
2087,蓮,36.80888,138.349026
2088,飯山,36.845691,138.358675
2089,北飯山,36.85883,138.363765
2090,信濃平,36.884918,138.378479
2091,戸狩野沢温泉,36.916673,138.392952
2092,上境,36.937916,138.419151
2093,上桑名川,36.962559,138.441204
2094,桑名川,36.975882,138.458007
2095,西大滝,36.979169,138.480872
2096,信濃白鳥,36.983591,138.50302
2097,平滝,36.986041,138.533723
2098,横倉(長野),36.979875,138.55031
2099,森宮野原,36.989447,138.57733
2100,足滝,36.998958,138.603625
2101,越後田中,37.005316,138.627058
2102,津南,37.023503,138.639326
2103,越後鹿渡,37.048054,138.671592
2104,越後田沢,37.055387,138.694731
2105,越後水沢,37.074324,138.718056
2106,土市,37.097457,138.72951
2107,十日町,37.134562,138.756188
2108,魚沼中条,37.159467,138.772491
2109,下条,37.198324,138.779989
2110,越後岩沢,37.240753,138.797097
2111,内ヶ巻,37.250008,138.851833
2112,東柏崎,37.373867,138.565802
2113,西中通,37.392456,138.592651
2114,荒浜,37.404699,138.601752
2115,刈羽,37.430047,138.61955
2116,西山(新潟),37.448375,138.64177
2117,礼拝,37.459221,138.66392
2118,石地,37.484132,138.688101
2119,小木ノ城,37.515431,138.70402
2120,出雲崎,37.531857,138.716291
2121,妙法寺(新潟),37.566405,138.742037
2122,小島谷,37.57455,138.771225
2123,桐原(新潟),37.601553,138.792279
2124,寺泊,37.620349,138.814519
2125,分水,37.629032,138.839038
2126,粟生津,37.653988,138.873484
2127,南吉田,37.671999,138.870984
2128,吉田(新潟),37.687111,138.878377
2129,北吉田,37.702037,138.882209
2130,岩室,37.721382,138.879881
2131,巻,37.756753,138.889506
2132,越後曽根,37.793544,138.911094
2133,越後赤塚,37.816008,138.908201
2134,内野西が丘,37.846355,138.926647
2135,内野,37.85824,138.936615
2136,新潟大学前,37.869178,138.95442
2137,寺尾,37.879106,138.973742
2138,小針,37.889591,138.991359
2139,青山(新潟),37.898546,139.000813
2140,関屋(新潟),37.906015,139.015087
2141,白山(新潟),37.911829,139.029955
2142,上所,37.906944,139.045278
2143,松本,36.230393,137.96445
2144,北松本,36.236971,137.960983
2145,島内,36.246991,137.944817
2146,島高松,36.246322,137.931576
2147,梓橋,36.250162,137.918027
2148,一日市場,36.2596,137.904136
2149,中萱,36.273434,137.903353
2150,南豊科,36.291124,137.903457
2151,豊科,36.299957,137.900896
2152,柏矢町,36.322529,137.888349
2153,穂高,36.33906,137.881869
2154,有明(長野),36.359949,137.878236
2155,安曇追分,36.371795,137.872736
2156,細野,36.397107,137.865722
2157,北細野,36.406439,137.862725
2158,信濃松川,36.424456,137.858631
2159,安曇沓掛,36.447795,137.854784
2160,信濃常盤,36.467403,137.847148
2161,南大町,36.491536,137.856269
2162,信濃大町,36.50031,137.861674
2163,北大町,36.517558,137.857913
2164,信濃木崎,36.535643,137.846189
2165,稲尾,36.554058,137.842575
2166,海ノ口,36.565652,137.841824
2167,簗場,36.594666,137.844724
2168,ヤナバスキー場前,36.605851,137.855039
2169,南神城,36.637105,137.841551
2170,神城,36.658287,137.846586
2171,飯森,36.670563,137.85006
2172,白馬,36.695922,137.863819
2173,信濃森上,36.711132,137.871991
2174,白馬大池,36.739918,137.885531
2175,千国,36.763249,137.900895
2176,南小谷,36.774604,137.908372
2177,中土,36.80558,137.907879
2178,北小谷,36.842567,137.906451
2179,平岩,36.88688,137.86561
2180,小滝,36.938155,137.85945
2181,根知,36.966683,137.86711
2182,頸城大野,37.006124,137.872447
2183,姫川(新潟),37.020339,137.860914
2184,糸魚川,37.043631,137.861311
2185,弥彦,37.699161,138.831761
2186,矢作,37.690649,138.851669
2187,西燕,37.679819,138.909232
2188,燕,37.667613,138.928419
2189,燕三条,37.648824,138.939274
2190,北三条,37.632702,138.956006
2191,名古屋,35.170694,136.881637
2192,名鉄名古屋,35.169252,136.884187
2193,近鉄名古屋,35.169191,136.883855
2194,金山(愛知),35.142928,136.900517
2195,鶴舞,35.156416,136.917436
2196,千種,35.170168,136.930665
2197,大曽根,35.191508,136.937161
2198,新守山,35.207283,136.951207
2199,勝川,35.22982,136.956285
2200,春日井(JR),35.243139,136.985307
2201,神領,35.256234,137.010006
2202,高蔵寺,35.26434,137.043766
2203,定光寺,35.278015,137.080981
2204,古虎渓,35.302955,137.101011
2205,多治見,35.334774,137.120294
2206,土岐市,35.359708,137.182082
2207,瑞浪,35.369081,137.252017
2208,釜戸,35.411103,137.30501
2209,武並,35.437938,137.35417
2210,恵那,35.455063,137.407764
2211,美乃坂本,35.479286,137.450364
2212,中津川,35.50036,137.502867
2213,落合川,35.525116,137.530034
2214,坂下,35.574218,137.531094
2215,田立,35.588281,137.54893
2216,南木曽,35.598896,137.608672
2217,十二兼,35.645418,137.617569
2218,野尻,35.673042,137.636152
2219,大桑(長野),35.684477,137.664224
2220,須原,35.69769,137.694844
2221,倉本,35.732939,137.714338
2222,上松,35.784068,137.693283
2223,木曽福島,35.843669,137.69343
2224,原野,35.871245,137.741536
2225,宮ノ越,35.888337,137.763794
2226,藪原,35.930152,137.784368
2227,奈良井,35.969476,137.816195
2228,木曽平沢,35.979108,137.832613
2229,贄川,36.014008,137.86091
2230,日出塩,36.049004,137.894804
2231,洗馬,36.087164,137.916842
2232,広丘,36.148032,137.949578
2233,村井,36.174226,137.956007
2234,平田(長野),36.191558,137.962517
2235,南松本,36.210447,137.969505
2236,田沢,36.301583,137.941029
2237,明科,36.353948,137.929967
2238,西条(長野),36.400353,138.012377
2239,坂北,36.430663,138.015754
2240,聖高原,36.455069,138.047603
2241,冠着,36.457215,138.079223
2242,姨捨,36.502649,138.093388
2243,稲荷山,36.552633,138.108061
2244,豊橋,34.762734,137.382128
2245,新豊橋,34.762272,137.383375
2246,駅前,34.763879,137.383132
2247,船町,34.775809,137.374001
2248,下地,34.780939,137.370612
2249,小坂井,34.797544,137.363056
2250,牛久保,34.808563,137.381671
2251,豊川(愛知),34.822519,137.397157
2252,豊川稲荷,34.821755,137.396058
2253,三河一宮,34.847911,137.414549
2254,長山,34.864449,137.431458
2255,江島,34.868029,137.441518
2256,東上,34.876278,137.455236
2257,野田城,34.889282,137.477861
2258,新城,34.901112,137.49304
2259,東新町,34.906129,137.502928
2260,茶臼山,34.910334,137.514424
2261,三河東郷,34.912224,137.527242
2262,大海,34.930164,137.548682
2263,鳥居,34.920834,137.551537
2264,長篠城,34.92599,137.565
2265,本長篠,34.932664,137.576848
2266,三河大野,34.952038,137.602987
2267,湯谷温泉,34.970516,137.613026
2268,三河槙原,34.988589,137.621022
2269,柿平,34.990587,137.644048
2270,三河川合,35.001722,137.663991
2271,池場,35.024418,137.704066
2272,東栄,35.02901,137.713812
2273,出馬,35.049322,137.744276
2274,上市場,35.050202,137.752364
2275,浦川,35.056355,137.763608
2276,早瀬,35.060521,137.775126
2277,下川合,35.069321,137.786422
2278,中部天竜,35.085283,137.802898
2279,佐久間,35.091877,137.809783
2280,相月,35.114988,137.854345
2281,城西,35.131569,137.86198
2282,向市場,35.154067,137.869446
2283,水窪,35.163371,137.870501
2284,大嵐,35.190466,137.818509
2285,小和田,35.209862,137.835971
2286,中井侍,35.235913,137.834912
2287,伊那小沢,35.25406,137.834709
2288,鶯巣,35.267286,137.832595
2289,平岡,35.273652,137.853574
2290,為栗,35.311687,137.848503
2291,温田,35.336273,137.841294
2292,田本,35.348988,137.837922
2293,門島,35.375306,137.814151
2294,唐笠,35.402338,137.810254
2295,金野,35.419128,137.817149
2296,千代,35.428949,137.816754
2297,天竜峡,35.441114,137.81732
2298,川路,35.452946,137.815564
2299,時又,35.46402,137.82776
2300,駄科,35.4754,137.839625
2301,毛賀,35.487445,137.839332
2302,伊那八幡,35.49683,137.84154
2303,下山村,35.50426,137.83959
2304,鼎,35.506726,137.828383
2305,切石,35.512339,137.809098
2306,飯田,35.519544,137.821244
2307,桜町(長野),35.522147,137.829601
2308,伊那上郷,35.520164,137.838984
2309,元善光寺,35.533843,137.861375
2310,下市田,35.544165,137.87641
2311,市田,35.549325,137.886578
2312,下平,35.572597,137.895922
2313,山吹,35.577758,137.903282
2314,伊那大島,35.595698,137.913222
2315,上片桐,35.617583,137.904064
2316,伊那田島,35.627221,137.910338
2317,高遠原,35.644693,137.90055
2318,七久保,35.654645,137.911346
2319,伊那本郷,35.66543,137.93248
2320,飯島,35.677571,137.929004
2321,田切,35.695613,137.933092
2322,伊那福岡,35.712233,137.93398
2323,小町屋,35.726781,137.935207
2324,駒ヶ根,35.736219,137.936862
2325,大田切,35.748162,137.940159
2326,宮田,35.76726,137.938897
2327,赤木,35.777887,137.943943
2328,沢渡,35.803681,137.944035
2329,下島(JR),35.812706,137.940055
2330,伊那市,35.838435,137.959196
2331,伊那北,35.84524,137.964368
2332,田畑,35.860791,137.97781
2333,北殿,35.879377,137.984059
2334,木ノ下,35.900892,137.988022
2335,伊那松島,35.913865,137.988647
2336,沢,35.936385,137.985477
2337,羽場(長野),35.953094,137.985126
2338,伊那新町,35.9688,137.984056
2339,宮木,35.976247,137.990509
2340,米原,35.314657,136.289992
2341,坂田,35.335777,136.287743
2342,田村,35.356307,136.281813
2343,長浜,35.378828,136.264901
2344,虎姫,35.424539,136.257385
2345,河毛,35.448425,136.249519
2346,高月,35.470337,136.237716
2347,木ノ本,35.505933,136.221706
2348,余呉,35.53382,136.197591
2349,近江塩津,35.53978,136.151236
2350,新疋田,35.594239,136.100558
2351,敦賀,35.644767,136.076488
2352,南今庄,35.757424,136.184723
2353,今庄,35.772947,136.199279
2354,湯尾,35.803251,136.193007
2355,南条,35.831956,136.193391
2356,王子保,35.866259,136.165595
2357,しきぶ,35.887778,136.166389
2358,武生,35.903254,136.170913
2359,鯖江,35.943355,136.188852
2360,北鯖江,35.971496,136.198452
2361,大土呂,36.010546,136.216519
2362,越前花堂,36.038771,136.218073
2363,越前たけふ,35.895669,136.198801
2364,福井(福井),36.062057,136.223516
2365,福井駅,36.062111,136.222139
2366,森田,36.109381,136.222516
2367,春江,36.129004,136.228487
2368,丸岡,36.162595,136.233502
2369,芦原温泉,36.214542,136.235069
2370,細呂木,36.24125,136.256968
2371,牛ノ谷,36.259409,136.281618
2372,大聖寺,36.300311,136.314205
2373,加賀温泉,36.320562,136.350337
2374,動橋,36.328428,136.383027
2375,粟津(石川),36.35575,136.424544
2376,小松,36.402545,136.452926
2377,明峰,36.425302,136.463114
2378,能美根上,36.452053,136.459721
2379,小舞子,36.476371,136.474925
2380,美川,36.486001,136.489205
2381,加賀笠間,36.502935,136.527434
2382,西松任,36.517902,136.548992
2383,松任,36.526706,136.566205
2384,野々市(IRいしかわ鉄道),36.541644,136.598044
2385,西金沢,36.553212,136.621225
2386,金沢,36.578117,136.648166
2387,北鉄金沢,36.578637,136.649524
2388,岐阜,35.409532,136.756514
2389,長森,35.402024,136.802981
2390,那加,35.400538,136.835466
2391,新那加,35.400097,136.83386
2392,蘇原,35.403167,136.871434
2393,各務ヶ原,35.403812,136.901106
2394,名電各務原,35.402518,136.900981
2395,鵜沼,35.397897,136.945122
2396,新鵜沼,35.396799,136.944314
2397,坂祝,35.426359,136.976868
2398,美濃太田,35.445617,137.019467
2399,古井,35.457295,137.047497
2400,中川辺,35.487143,137.065086
2401,下麻生,35.514973,137.087157
2402,上麻生,35.541293,137.11863
2403,白川口,35.579345,137.184824
2404,下油井,35.633214,137.183137
2405,飛騨金山,35.662118,137.164333
2406,焼石,35.725763,137.200404
2407,下呂,35.805345,137.239778
2408,禅昌寺,35.848937,137.225184
2409,飛騨萩原,35.874766,137.213568
2410,上呂,35.910717,137.204562
2411,飛騨宮田,35.928443,137.235595
2412,飛騨小坂,35.950749,137.257084
2413,渚(岐阜),36.001416,137.287894
2414,久々野,36.052273,137.276778
2415,飛騨一ノ宮,36.08836,137.247588
2416,高山,36.140574,137.251301
2417,上枝,36.18095,137.245789
2418,飛騨国府,36.211001,137.215895
2419,飛騨古川,36.236727,137.189681
2420,杉崎,36.250003,137.168638
2421,飛騨細江,36.260926,137.146029
2422,角川,36.30016,137.113223
2423,坂上,36.327902,137.140979
2424,打保,36.383737,137.181902
2425,杉原,36.415806,137.192102
2426,猪谷,36.471625,137.237975
2427,楡原,36.529323,137.22872
2428,笹津,36.562129,137.211437
2429,東八尾,36.589645,137.174978
2430,越中八尾,36.591391,137.138379
2431,千里(富山),36.634678,137.132396
2432,速星,36.664135,137.160428
2433,婦中鵜坂,36.678139,137.16892
2434,西富山,36.699331,137.177029
2435,富山,36.701612,137.213252
2436,電鉄富山,36.700757,137.214163
2437,電鉄富山駅-エスタ前,36.700236,137.213316
2438,富山駅,36.701479,137.212581
2439,高岡駅,36.742173,137.014722
2440,新高岡,36.726965,137.012407
2441,二塚,36.714339,137.006141
2442,林(富山),36.704504,136.999379
2443,戸出,36.684323,136.983898
2444,油田,36.655124,136.970372
2445,砺波,36.636424,136.953648
2446,東野尻,36.618573,136.9435
2447,高儀,36.606697,136.936007
2448,福野(富山),36.588541,136.923166
2449,東石黒,36.57605,136.898166
2450,福光,36.558121,136.878135
2451,越中山田,36.538513,136.887522
2452,城端,36.522012,136.901673
2453,越中中川,36.749764,137.027851
2454,能町,36.768259,137.039885
2455,伏木,36.792306,137.05853
2456,越中国分,36.805361,137.050729
2457,雨晴,36.816484,137.037583
2458,島尾,36.828423,137.01269
2459,氷見,36.849899,136.990631
2460,津幡,36.657895,136.730759
2461,中津幡,36.67156,136.740279
2462,本津幡,36.676673,136.732202
2463,能瀬,36.693152,136.719898
2464,宇野気,36.722795,136.70306
2465,横山(石川),36.747739,136.71685
2466,高松(石川),36.768541,136.728823
2467,免田,36.795806,136.747581
2468,宝達,36.819875,136.762229
2469,敷浪,36.848094,136.773455
2470,南羽咋,36.870324,136.774631
2471,羽咋,36.897073,136.783332
2472,千路,36.928139,136.801195
2473,金丸,36.943344,136.835874
2474,能登部,36.960867,136.869403
2475,良川,36.976662,136.894628
2476,能登二宮,36.984824,136.917389
2477,徳田(石川),37.007449,136.930295
2478,七尾,37.041613,136.964501
2479,和倉温泉,37.074663,136.925884
2480,六条,36.028175,136.239594
2481,足羽,36.020821,136.253607
2482,越前東郷,36.018185,136.273561
2483,一乗谷,36.013679,136.2974
2484,越前高田,36.024759,136.318669
2485,市波,36.019813,136.330463
2486,小和清水,36.01732,136.351085
2487,美山,35.998567,136.365082
2488,越前薬師,36.005283,136.384336
2489,越前大宮,36.000064,136.409694
2490,計石,35.997589,136.434767
2491,牛ヶ原,35.998567,136.467349
2492,北大野,35.997992,136.48795
2493,越前大野,35.983294,136.496877
2494,越前田野,35.987048,136.526884
2495,越前富田,35.9909,136.541233
2496,下唯野,35.974208,136.56027
2497,柿ヶ島,35.97243,136.570938
2498,勝原,35.967512,136.597151
2499,越前下山,35.920356,136.634832
2500,九頭竜湖,35.90449,136.66146
2501,東舞鶴,35.468601,135.394788
2502,松尾寺,35.486018,135.450133
2503,青郷,35.481584,135.4998
2504,三松,35.488767,135.520561
2505,若狭高浜,35.486423,135.547588
2506,若狭和田,35.488664,135.581564
2507,若狭本郷,35.482616,135.618834
2508,加斗,35.480672,135.666145
2509,勢浜,35.481192,135.708039
2510,小浜,35.491643,135.745672
2511,東小浜,35.485234,135.781053
2512,新平野,35.473069,135.807198
2513,上中,35.463638,135.855728
2514,若狭有田,35.485536,135.868377
2515,大鳥羽,35.504839,135.866872
2516,十村,35.51595,135.896591
2517,藤井,35.532198,135.906274
2518,三方,35.555282,135.909259
2519,気山,35.584887,135.909531
2520,美浜,35.605138,135.936496
2521,東美浜,35.614039,135.985614
2522,粟野,35.617234,136.027225
2523,西敦賀,35.617975,136.067787
2524,函南,35.108773,138.970984
2525,三島,35.126253,138.911133
2526,沼津,35.103011,138.860104
2527,片浜,35.11825,138.818937
2528,原(静岡),35.124915,138.793387
2529,東田子の浦,35.136255,138.745441
2530,吉原,35.143845,138.702768
2531,富士川,35.141119,138.618571
2532,新蒲原,35.119599,138.608117
2533,蒲原,35.114005,138.582752
2534,由比,35.097108,138.552756
2535,興津,35.052539,138.521865
2536,清水(静岡),35.023248,138.488958
2537,草薙,35.002854,138.442025
2538,東静岡,34.985256,138.413118
2539,静岡,34.971629,138.388579
2540,安倍川,34.940961,138.364029
2541,用宗,34.922512,138.36006
2542,焼津,34.872261,138.318457
2543,西焼津,34.859824,138.28552
2544,藤枝,34.849511,138.252748
2545,六合,34.836436,138.203502
2546,島田(静岡),34.830159,138.173436
2547,金谷,34.819049,138.125578
2548,菊川(静岡),34.76176,138.085648
2549,掛川,34.769463,138.014937
2550,愛野(静岡),34.752257,137.961663
2551,袋井,34.741377,137.92596
2552,御厨(静岡),34.718447,137.885343
2553,磐田,34.710132,137.852244
2554,豊田町,34.7121,137.82013
2555,天竜川,34.716994,137.77923
2556,浜松,34.703866,137.734759
2557,新浜松,34.703402,137.732456
2558,高塚,34.690425,137.681303
2559,舞阪,34.685701,137.626422
2560,弁天島,34.690125,137.603058
2561,新居町,34.694276,137.568953
2562,鷲津,34.716819,137.546116
2563,新所原,34.723205,137.484399
2564,二川,34.725809,137.438966
2565,西小坂井,34.79708,137.352499
2566,愛知御津,34.812624,137.316492
2567,三河大塚,34.815744,137.28287
2568,三河三谷,34.818546,137.247795
2569,蒲郡,34.823078,137.226459
2570,三河塩津,34.825295,137.201261
2571,蒲郡競艇場前,34.825545,137.202014
2572,三ヶ根,34.836449,137.176348
2573,幸田,34.859926,137.16447
2574,相見,34.887672,137.160328
2575,岡崎,34.925417,137.157243
2576,西岡崎,34.946572,137.123187
2577,安城,34.959986,137.08716
2578,三河安城,34.96968,137.060918
2579,東刈谷,34.97741,137.043525
2580,野田新町,34.983526,137.028083
2581,刈谷,34.991156,137.008878
2582,逢妻,34.998215,136.990544
2583,大府,35.008665,136.961727
2584,共和,35.035245,136.954599
2585,南大高,35.055403,136.948244
2586,大高,35.069244,136.940242
2587,笠寺,35.095113,136.926321
2588,熱田,35.130028,136.910502
2589,尾頭橋,35.146981,136.89102
2590,枇杷島,35.198681,136.861816
2591,清洲,35.225406,136.834529
2592,稲沢,35.252994,136.820942
2593,尾張一宮,35.301765,136.797567
2594,名鉄一宮,35.30154,136.797225
2595,木曽川,35.349319,136.780726
2596,西岐阜,35.404664,136.72341
2597,穂積,35.396345,136.693834
2598,大垣,35.367096,136.618288
2599,荒尾(岐阜),35.373454,136.583276
2600,美濃赤坂,35.386677,136.582129
2601,垂井,35.369587,136.531246
2602,関ヶ原,35.363726,136.470451
2603,柏原(滋賀),35.344593,136.402767
2604,近江長岡,35.359307,136.373775
2605,醒ヶ井,35.327664,136.345135
2606,来宮,35.098723,139.065575
2607,伊豆多賀,35.059411,139.066847
2608,網代,35.043545,139.081245
2609,宇佐美,35.005602,139.079778
2610,伊東,34.9747,139.092125
2611,下曽我,35.303554,139.183395
2612,上大井,35.321883,139.163508
2613,相模金子,35.33364,139.150753
2614,松田,35.346843,139.137417
2615,東山北,35.357637,139.10765
2616,山北,35.360808,139.080212
2617,谷峨,35.366561,139.038234
2618,駿河小山,35.359113,138.997689
2619,足柄(静岡),35.332233,138.981687
2620,御殿場,35.299933,138.93424
2621,南御殿場,35.277269,138.925789
2622,富士岡,35.25527,138.91987
2623,岩波,35.21498,138.919296
2624,裾野,35.171372,138.909293
2625,長泉なめり,35.147633,138.899364
2626,下土狩,35.128379,138.895126
2627,大岡,35.116158,138.881988
2628,尾張森岡,34.993826,136.970279
2629,緒川,34.981372,136.971899
2630,石浜,34.967813,136.972932
2631,東浦,34.949574,136.970725
2632,亀崎,34.918986,136.961058
2633,乙川,34.903306,136.941344
2634,半田,34.894167,136.930462
2635,東成岩,34.874279,136.923416
2636,武豊,34.853507,136.921244
2637,小泉,35.349055,137.100421
2638,根本,35.361548,137.090008
2639,姫,35.382004,137.072078
2640,下切,35.393777,137.063734
2641,可児,35.422832,137.055345
2642,新可児,35.423282,137.055622
2643,美濃川合,35.444138,137.045309
2644,八田,35.148973,136.852258
2645,近鉄八田,35.149587,136.854458
2646,春田,35.14318,136.813512
2647,蟹江,35.142071,136.793908
2648,永和,35.13285,136.764325
2649,弥富,35.114026,136.725664
2650,近鉄弥富,35.113634,136.727638
2651,長島,35.098196,136.695751
2652,近鉄長島,35.097721,136.696162
2653,桑名,35.06747,136.683832
2654,西桑名,35.065694,136.684034
2655,朝日,35.033782,136.65803
2656,富田(三重),35.008124,136.653143
2657,富田浜,34.996553,136.65004
2658,四日市,34.962721,136.630168
2659,南四日市,34.941514,136.609662
2660,河原田,34.910684,136.598527
2661,河曲,34.897878,136.568018
2662,加佐登,34.890307,136.529907
2663,井田川,34.868319,136.492658
2664,亀山(三重),34.850103,136.450451
2665,関(三重),34.849064,136.394777
2666,加太(三重),34.842639,136.340305
2667,柘植,34.846993,136.255704
2668,新堂,34.821168,136.206507
2669,佐那具,34.804193,136.163171
2670,伊賀上野,34.789143,136.122907
2671,島ヶ原,34.767686,136.054184
2672,月ヶ瀬口,34.762813,136.023703
2673,大河原(京都),34.77175,135.987635
2674,笠置,34.759086,135.934289
2675,加茂(京都),34.752575,135.869609
2676,下庄,34.81423,136.479628
2677,一身田,34.76278,136.49938
2678,津,34.73422,136.510486
2679,阿漕,34.703554,136.50434
2680,高茶屋,34.667277,136.51256
2681,六軒(三重),34.617494,136.507574
2682,松阪,34.577053,136.535801
2683,徳和,34.554016,136.553519
2684,多気,34.516318,136.572777
2685,相可,34.502725,136.545538
2686,佐奈,34.478469,136.538986
2687,栃原,34.444625,136.509286
2688,川添,34.419739,136.473218
2689,三瀬谷,34.394823,136.409183
2690,滝原,34.360105,136.411976
2691,阿曽,34.331342,136.411082
2692,伊勢柏崎,34.299779,136.395394
2693,大内山,34.278152,136.359284
2694,梅ヶ谷,34.258098,136.356555
2695,紀伊長島,34.20937,136.339968
2696,三野瀬,34.167771,136.282519
2697,船津(JR),34.142214,136.228763
2698,相賀,34.111943,136.227099
2699,尾鷲,34.074304,136.190168
2700,大曽根浦,34.061901,136.222934
2701,九鬼,34.016026,136.242703
2702,三木里,34.001454,136.202518
2703,賀田,33.971643,136.189747
2704,二木島,33.939424,136.180882
2705,新鹿,33.927886,136.144215
2706,波田須,33.910091,136.138139
2707,大泊,33.902242,136.11806
2708,熊野市,33.889656,136.098745
2709,有井,33.876213,136.085585
2710,神志山,33.839881,136.062154
2711,紀伊市木,33.827932,136.055371
2712,阿田和,33.804806,136.042416
2713,紀伊井田,33.759801,136.023846
2714,鵜殿,33.736595,136.015364
2715,新宮,33.725119,135.994099
2716,油日,34.889691,136.22953
2717,甲賀,34.9013,136.212679
2718,寺庄,34.919078,136.185892
2719,甲南,34.931804,136.16899
2720,貴生川,34.952236,136.153806
2721,三雲,34.983131,136.117777
2722,甲西,35.000651,136.08236
2723,石部,35.017685,136.052963
2724,手原,35.027347,135.999237
2725,草津(滋賀),35.022913,135.962744
2726,外城田,34.497641,136.596997
2727,田丸,34.488543,136.63402
2728,宮川,34.503252,136.672506
2729,山田上口,34.49581,136.694246
2730,伊勢市,34.49126,136.709661
2731,五十鈴ヶ丘,34.495884,136.739797
2732,二見浦,34.503753,136.77713
2733,松下,34.496201,136.799134
2734,池の浦シーサイド,34.491358,136.813691
2735,鳥羽,34.486516,136.84279
2736,上ノ庄,34.597996,136.499273
2737,権現前,34.617691,136.482202
2738,伊勢八太,34.647523,136.446916
2739,一志,34.654894,136.436067
2740,川合高岡,34.656425,136.436692
2741,井関,34.642493,136.412653
2742,伊勢大井,34.650013,136.385179
2743,伊勢川口,34.64767,136.356849
2744,関ノ宮,34.637693,136.339721
2745,家城,34.625791,136.319246
2746,伊勢竹原,34.599785,136.309081
2747,伊勢鎌倉,34.574023,136.278349
2748,伊勢八知,34.555355,136.263952
2749,比津,34.531967,136.270716
2750,伊勢奥津,34.512155,136.260031
2751,彦根,35.272216,136.263347
2752,南彦根,35.246097,136.248
2753,河瀬,35.225384,136.225285
2754,稲枝,35.203312,136.194469
2755,能登川,35.179897,136.165987
2756,安土,35.142465,136.1335
2757,近江八幡,35.122765,136.102715
2758,篠原(滋賀),35.099203,136.071679
2759,野洲,35.068509,136.022487
2760,守山(滋賀),35.050513,135.996037
2761,栗東,35.037448,135.980083
2762,南草津,35.003855,135.947362
2763,瀬田(滋賀),34.987223,135.925673
2764,石山,34.97987,135.900228
2765,京阪石山,34.979639,135.899653
2766,膳所,34.999373,135.880539
2767,京阪膳所,34.999823,135.880833
2768,大津,35.002997,135.864651
2769,山科,34.992636,135.816647
2770,京都,34.985465,135.757748
2771,西大路,34.981077,135.731702
2772,桂川(京都),34.964814,135.710391
2773,向日町,34.954838,135.709804
2774,長岡京,34.923483,135.700882
2775,山崎(京都),34.892257,135.679124
2776,大山崎,34.891485,135.681637
2777,島本,34.881337,135.663385
2778,高槻,34.8512,135.617016
2779,摂津富田,34.837729,135.59336
2780,JR総持寺,34.828611,135.577778
2781,茨木,34.815091,135.56208
2782,千里丘,34.791502,135.551512
2783,岸辺,34.776812,135.541613
2784,吹田(JR),34.763209,135.523642
2785,東淀川,34.73938,135.503915
2786,新大阪,34.734136,135.501852
2787,大阪,34.702398,135.495188
2788,北新地,34.698323,135.497038
2789,大阪梅田(阪急電鉄),34.705514,135.498311
2790,梅田,34.703184,135.497707
2791,東梅田,34.701031,135.49969
2792,西梅田,34.699642,135.495802
2793,塚本,34.71271,135.468843
2794,尼崎(JR),34.731791,135.431685
2795,立花,34.737875,135.399571
2796,甲子園口,34.739052,135.374426
2797,西宮(JR),34.738985,135.348703
2798,さくら夙川,34.739079,135.331093
2799,芦屋(JR),34.734207,135.307102
2800,甲南山手,34.730616,135.292788
2801,摂津本山,34.726661,135.27699
2802,住吉(JR),34.719595,135.261859
2803,六甲道,34.714945,135.238588
2804,摩耶,34.708667,135.225167
2805,灘,34.705918,135.216578
2806,三ノ宮,34.694766,135.195058
2807,三宮(神戸三宮),34.693502,135.195104
2808,三宮-花時計前,34.691618,135.195538
2809,元町(兵庫),34.689602,135.187401
2810,神戸(兵庫),34.679453,135.178221
2811,ハーバーランド,34.678554,135.178657
2812,大津京,35.024428,135.857268
2813,京阪大津京,35.02274,135.855521
2814,唐崎,35.049795,135.866969
2815,比叡山坂本,35.070403,135.878259
2816,おごと温泉,35.097425,135.895046
2817,堅田,35.12094,135.915107
2818,小野(滋賀),35.138832,135.922642
2819,和邇,35.161588,135.922348
2820,蓬莱,35.182594,135.915443
2821,志賀,35.202348,135.924987
2822,比良(滋賀),35.219918,135.944198
2823,近江舞子,35.236342,135.959294
2824,北小松,35.253384,135.970293
2825,近江高島,35.292657,136.010374
2826,安曇川,35.32842,136.019887
2827,新旭,35.355902,136.035796
2828,近江今津,35.396864,136.031882
2829,近江中庄,35.441648,136.038374
2830,マキノ,35.461437,136.05978
2831,永原,35.498857,136.122326
2832,木津(京都),34.735962,135.824794
2833,平城山,34.710431,135.810252
2834,奈良,34.680482,135.818935
2835,郡山(奈良),34.648335,135.790441
2836,大和小泉,34.622226,135.763488
2837,法隆寺,34.601377,135.738604
2838,王寺,34.597448,135.704005
2839,新王寺,34.597722,135.704337
2840,三郷(奈良),34.588867,135.687484
2841,河内堅上,34.574005,135.662956
2842,高井田(JR),34.57147,135.638645
2843,柏原(大阪),34.586681,135.62341
2844,志紀,34.600248,135.615998
2845,八尾,34.617265,135.597136
2846,久宝寺,34.622558,135.583988
2847,加美,34.626888,135.566939
2848,新加美,34.626861,135.568588
2849,平野(JR),34.630842,135.551612
2850,東部市場前,34.638056,135.537802
2851,天王寺,34.647842,135.513223
2852,大阪阿部野橋,34.645494,135.515056
2853,天王寺駅前,34.646202,135.512929
2854,新今宮,34.650149,135.501076
2855,動物園前,34.648815,135.504413
2856,新今宮駅前,34.649529,135.503333
2857,今宮,34.654156,135.492975
2858,JR難波,34.666438,135.495265
2859,兵庫,34.668343,135.164706
2860,新長田,34.657525,135.145193
2861,鷹取,34.651667,135.135275
2862,須磨海浜公園,34.647185,135.126677
2863,須磨,34.642292,135.112814
2864,山陽須磨,34.643459,135.112208
2865,塩屋(兵庫),34.633507,135.083361
2866,山陽塩屋,34.633579,135.082389
2867,垂水,34.629252,135.053872
2868,山陽垂水,34.629468,135.053622
2869,舞子,34.63302,135.034373
2870,舞子公園,34.634156,135.033676
2871,朝霧,34.644196,135.017485
2872,明石,34.649084,134.992512
2873,山陽明石,34.648725,134.99294
2874,西明石,34.66591,134.960151
2875,大久保(兵庫),34.681914,134.939194
2876,魚住,34.696401,134.906028
2877,土山,34.720482,134.888921
2878,東加古川,34.745857,134.869244
2879,加古川,34.767666,134.839447
2880,宝殿,34.784795,134.812158
2881,曽根(兵庫),34.793304,134.769838
2882,ひめじ別所,34.805544,134.753309
2883,御着,34.816944,134.735486
2884,東姫路,34.824361,134.712472
2885,姫路,34.827659,134.690769
2886,山陽姫路,34.828783,134.689263
2887,手柄山平和公園,34.82325,134.671389
2888,英賀保,34.813235,134.644762
2889,はりま勝原,34.810072,134.613856
2890,網干,34.814096,134.584035
2891,竜野,34.825522,134.522004
2892,相生(兵庫),34.818052,134.47341
2893,有年,34.829263,134.395568
2894,上郡,34.865845,134.354081
2895,三石,34.804507,134.275416
2896,吉永,34.812259,134.204626
2897,和気,34.797297,134.152787
2898,熊山,34.783556,134.109433
2899,万富,34.758256,134.080609
2900,瀬戸,34.734499,134.041897
2901,上道(岡山),34.699466,134.020569
2902,東岡山,34.685633,133.988103
2903,高島,34.683074,133.95774
2904,西川原,34.679035,133.937851
2905,岡山,34.666572,133.918552
2906,岡山駅前,34.665548,133.920445
2907,北長瀬,34.652995,133.885325
2908,庭瀬,34.642858,133.854454
2909,中庄,34.626493,133.808225
2910,倉敷,34.602069,133.765675
2911,倉敷市,34.600997,133.765075
2912,西阿知,34.58578,133.727876
2913,新倉敷,34.56509,133.678344
2914,金光,34.540909,133.620826
2915,鴨方,34.5273,133.587705
2916,里庄,34.507905,133.550763
2917,笠岡,34.504913,133.504705
2918,大門(広島),34.498462,133.43995
2919,東福山,34.494949,133.40539
2920,福山,34.489291,133.361429
2921,備後赤坂,34.472108,133.305417
2922,松永,34.450958,133.258532
2923,東尾道,34.434937,133.233168
2924,尾道,34.404826,133.192884
2925,糸崎,34.392429,133.104317
2926,三原,34.400486,133.083049
2927,本郷(広島),34.409617,132.987358
2928,河内,34.469248,132.890113
2929,入野(広島),34.46067,132.851789
2930,白市,34.443022,132.83225
2931,西高屋,34.446139,132.788246
2932,西条(広島),34.431394,132.743909
2933,寺家,34.439246,132.722714
2934,八本松,34.445466,132.688048
2935,瀬野,34.421994,132.59674
2936,みどり口,34.422294,132.596248
2937,中野東,34.403275,132.578753
2938,安芸中野,34.391115,132.563291
2939,海田市,34.372089,132.530542
2940,向洋,34.376636,132.506191
2941,天神川,34.389959,132.498311
2942,広島,34.397446,132.475593
2943,広島駅,34.396803,132.475138
2944,新白島,34.408432,132.461134
2945,横川(広島),34.410173,132.45045
2946,横川駅,34.409512,132.450496
2947,西広島,34.397832,132.427979
2948,広電西広島(己斐),34.397261,132.428255
2949,新井口,34.375601,132.391924
2950,商工センター入口,34.375423,132.391999
2951,五日市,34.366798,132.367717
2952,広電五日市,34.366393,132.367856
2953,廿日市,34.357837,132.335657
2954,広電廿日市,34.356621,132.336179
2955,宮内串戸,34.347963,132.323706
2956,宮内(広島),34.347472,132.325226
2957,阿品,34.323152,132.314216
2958,広電阿品,34.321933,132.31483
2959,宮島口,34.312081,132.302689
2960,広電宮島口,34.311556,132.304639
2961,前空,34.301368,132.289815
2962,大野浦,34.283762,132.265263
2963,玖波,34.2553,132.227963
2964,大竹(広島),34.217565,132.223479
2965,和木,34.204194,132.227709
2966,岩国,34.171828,132.225631
2967,南岩国,34.135246,132.206013
2968,藤生,34.112668,132.198515
2969,通津,34.068207,132.204949
2970,由宇,34.043279,132.213621
2971,神代(山口),33.998871,132.209398
2972,大畠,33.963377,132.180741
2973,柳井港,33.958357,132.134333
2974,柳井,33.965728,132.105988
2975,田布施,33.958805,132.044084
2976,岩田,33.981624,131.995285
2977,島田(山口),33.990502,131.960865
2978,光,33.973975,131.914784
2979,下松(山口),34.008933,131.86799
2980,櫛ヶ浜,34.031002,131.829079
2981,徳山,34.051555,131.8029
2982,新南陽,34.069561,131.769639
2983,福川,34.072096,131.73846
2984,戸田(山口),34.072523,131.704657
2985,富海,34.048507,131.639029
2986,防府,34.05354,131.568848
2987,大道,34.053295,131.488358
2988,四辻,34.079896,131.44793
2989,新山口,34.093255,131.39657
2990,嘉川,34.066211,131.370068
2991,本由良,34.031997,131.343621
2992,厚東,34.038709,131.267807
2993,宇部,34.003017,131.221691
2994,小野田,34.007877,131.185605
2995,厚狭,34.053361,131.159965
2996,埴生,34.049173,131.086865
2997,小月,34.067907,131.033038
2998,長府,34.019264,130.999508
2999,新下関,34.005651,130.948021
3000,幡生,33.981592,130.92734
3001,下関,33.950306,130.923038
3002,門司,33.904309,130.933438
3003,和田岬,34.657278,135.174268
3004,梅小路京都西,34.988778,135.743167
3005,丹波口,34.99501,135.742396
3006,二条,35.010978,135.741701
3007,円町,35.01811,135.730591
3008,花園(京都),35.018743,135.717895
3009,太秦,35.017019,135.701269
3010,嵯峨嵐山,35.018698,135.68127
3011,トロッコ嵯峨,35.018656,135.680704
3012,保津峡,35.023083,135.64025
3013,馬堀,35.010664,135.602359
3014,亀岡,35.016738,135.582766
3015,並河,35.032479,135.554959
3016,千代川,35.048597,135.548293
3017,八木,35.068995,135.531969
3018,吉富(京都),35.092012,135.498585
3019,園部,35.102167,135.48347
3020,船岡(京都),35.133463,135.491848
3021,日吉(京都),35.162151,135.503432
3022,鍼灸大学前,35.179141,135.489899
3023,胡麻,35.195359,135.468467
3024,下山(京都),35.21226,135.422673
3025,和知,35.261101,135.399015
3026,安栖里,35.266155,135.385266
3027,立木,35.274256,135.337318
3028,山家,35.29379,135.318618
3029,綾部,35.302188,135.251896
3030,高津(京都),35.304982,135.207158
3031,石原(京都),35.300904,135.180241
3032,福知山,35.296143,135.118564
3033,上川口,35.329504,135.073284
3034,下夜久野,35.319893,134.998868
3035,上夜久野,35.34182,134.931718
3036,梁瀬,35.322796,134.880682
3037,和田山,35.34141,134.85137
3038,養父,35.371306,134.811726
3039,八鹿,35.414287,134.781403
3040,江原,35.469477,134.77575
3041,国府(兵庫),35.496213,134.800016
3042,豊岡(兵庫),35.543825,134.813694
3043,玄武洞,35.588645,134.799305
3044,城崎温泉,35.623764,134.813437
3045,竹野,35.649807,134.756405
3046,佐津,35.65314,134.685856
3047,柴山,35.646454,134.663886
3048,香住,35.635344,134.62359
3049,鎧,35.651691,134.575144
3050,餘部,35.648658,134.556918
3051,久谷,35.627549,134.517374
3052,浜坂,35.620618,134.452558
3053,諸寄,35.619529,134.434303
3054,居組,35.606982,134.393736
3055,東浜,35.599471,134.362225
3056,岩美,35.574182,134.335595
3057,大岩,35.566835,134.308114
3058,福部,35.545512,134.287239
3059,鳥取,35.493953,134.225901
3060,湖山,35.513455,134.186232
3061,鳥取大学前,35.51804,134.174305
3062,末恒,35.52395,134.135739
3063,宝木,35.514153,134.081789
3064,浜村,35.509522,134.050749
3065,青谷,35.516228,133.995782
3066,泊(鳥取),35.509103,133.936515
3067,松崎(鳥取),35.46871,133.902053
3068,倉吉,35.45473,133.849661
3069,下北条,35.481915,133.809109
3070,由良,35.490236,133.754367
3071,浦安(鳥取),35.499695,133.693462
3072,八橋,35.503256,133.673683
3073,赤碕,35.512437,133.634527
3074,中山口,35.52088,133.590017
3075,下市,35.518821,133.566302
3076,御来屋,35.512234,133.502858
3077,名和(鳥取),35.507256,133.49192
3078,大山口,35.485045,133.456718
3079,淀江,35.457017,133.429788
3080,伯耆大山,35.430142,133.384216
3081,東山公園(鳥取),35.430753,133.351902
3082,米子,35.42327,133.33657
3083,西木津,34.737762,135.803507
3084,祝園,34.76017,135.792107
3085,新祝園,34.759953,135.792657
3086,下狛,34.780579,135.788574
3087,狛田,34.78047,135.789568
3088,JR三山木,34.798334,135.784578
3089,三山木,34.798435,135.785905
3090,同志社前,34.805124,135.778633
3091,京田辺,34.821114,135.768664
3092,大住,34.830785,135.749874
3093,松井山手,34.833288,135.727617
3094,長尾(大阪),34.825938,135.713091
3095,藤阪,34.814466,135.702748
3096,津田,34.801373,135.697946
3097,河内磐船,34.776501,135.684592
3098,星田,34.767346,135.663455
3099,寝屋川公園,34.755491,135.653276
3100,忍ヶ丘,34.745762,135.645232
3101,四条畷,34.730128,135.639297
3102,野崎(大阪),34.718334,135.636942
3103,住道,34.706238,135.621496
3104,鴻池新田,34.698847,135.597679
3105,徳庵,34.692423,135.581386
3106,放出,34.688103,135.563296
3107,鴫野,34.692769,135.544995
3108,京橋(大阪),34.696047,135.534253
3109,東福寺,34.981371,135.769778
3110,稲荷,34.966758,135.770707
3111,JR藤森,34.948278,135.775695
3112,桃山,34.932647,135.771673
3113,六地蔵(JR),34.932843,135.797335
3114,木幡(JR),34.924962,135.798901
3115,黄檗,34.912831,135.803665
3116,宇治(JR),34.890437,135.800629
3117,JR小倉,34.889117,135.785962
3118,新田(京都),34.874314,135.780707
3119,城陽,34.855536,135.781071
3120,長池,34.842351,135.789801
3121,山城青谷,34.828127,135.800111
3122,山城多賀,34.818009,135.806
3123,玉水,34.800108,135.807022
3124,棚倉,34.774705,135.816141
3125,上狛,34.750447,135.821225
3126,淵垣,35.328302,135.29457
3127,梅迫,35.348774,135.311059
3128,真倉,35.407146,135.326126
3129,西舞鶴,35.441784,135.330545
3130,芦原橋,34.658608,135.48924
3131,大正(大阪),34.665582,135.479932
3132,弁天町,34.669403,135.462348
3133,西九条,34.68269,135.466779
3134,野田(JR),34.689069,135.474837
3135,玉川(大阪),34.689607,135.476187
3136,福島(大阪),34.697167,135.486563
3137,新福島,34.695094,135.48593
3138,天満,34.704923,135.512233
3139,扇町(大阪),34.703809,135.5108
3140,桜ノ宮,34.704976,135.520944
3141,大阪城公園,34.68858,135.534482
3142,森ノ宮,34.680412,135.533996
3143,玉造,34.673559,135.532901
3144,鶴橋,34.665264,135.530133
3145,桃谷,34.658453,135.527908
3146,寺田町,34.647957,135.523437
3147,安治川口,34.673416,135.443921
3148,ユニバーサルシティ,34.667842,135.438705
3149,桜島,34.662065,135.432136
3150,大阪城北詰,34.694283,135.525538
3151,大阪天満宮,34.697404,135.513442
3152,南森町,34.697699,135.511078
3153,海老江,34.69544,135.473276
3154,野田(阪神電気鉄道),34.694432,135.47606
3155,野田阪神,34.694389,135.474819
3156,御幣島,34.71259,135.45568
3157,加島,34.727496,135.454183
3158,美章園,34.638411,135.523765
3159,南田辺,34.625551,135.52086
3160,鶴ヶ丘,34.617999,135.517088
3161,長居,34.6109,135.512769
3162,我孫子町,34.601873,135.50667
3163,杉本町,34.593113,135.503034
3164,浅香,34.585303,135.502423
3165,堺市,34.577765,135.498644
3166,三国ヶ丘,34.566319,135.492743
3167,百舌鳥,34.558322,135.488934
3168,上野芝,34.549484,135.478026
3169,津久野,34.542287,135.468108
3170,鳳,34.531674,135.458734
3171,富木,34.522534,135.451171
3172,北信太,34.510671,135.441506
3173,信太山,34.500183,135.432895
3174,和泉府中,34.48794,135.423891
3175,久米田,34.46574,135.405384
3176,下松(大阪),34.457344,135.39683
3177,東岸和田,34.449341,135.385859
3178,東貝塚,34.440051,135.373055
3179,和泉橋本,34.427379,135.358762
3180,東佐野,34.416744,135.350138
3181,熊取,34.406048,135.341086
3182,日根野,34.39075,135.331309
3183,長滝,34.381865,135.319574
3184,新家,34.372405,135.299076
3185,和泉砂川,34.360289,135.281242
3186,和泉鳥取,34.342538,135.263238
3187,山中渓,34.325534,135.269741
3188,紀伊,34.269213,135.246179
3189,六十谷,34.26244,135.207116
3190,紀伊中ノ島,34.242894,135.190223
3191,和歌山,34.232436,135.191454
3192,東羽衣,34.535029,135.442824
3193,羽衣,34.534546,135.44178
3194,りんくうタウン,34.410308,135.300117
3195,関西空港,34.436,135.243419
3196,塚口(JR),34.751028,135.424948
3197,猪名寺,34.764086,135.422598
3198,伊丹(JR),34.78065,135.421686
3199,北伊丹,34.801349,135.419326
3200,川西池田,34.824857,135.409901
3201,中山寺,34.816627,135.373993
3202,宝塚,34.811562,135.340399
3203,生瀬,34.819159,135.325058
3204,西宮名塩,34.827125,135.308871
3205,武田尾,34.855316,135.305838
3206,道場,34.867303,135.255528
3207,三田(兵庫),34.888787,135.22979
3208,新三田,34.910183,135.20861
3209,広野(兵庫),34.928424,135.191267
3210,相野,34.947482,135.155998
3211,藍本,34.977041,135.155533
3212,草野(兵庫),34.996887,135.1524
3213,古市(兵庫),35.021932,135.154808
3214,南矢代,35.037697,135.174875
3215,篠山口,35.056223,135.177452
3216,丹波大山,35.072369,135.168533
3217,下滝,35.08791,135.094268
3218,谷川,35.082724,135.049666
3219,柏原(兵庫),35.127206,135.077082
3220,石生,35.152706,135.063719
3221,黒井(兵庫),35.168549,135.097302
3222,市島,35.207868,135.130198
3223,丹波竹田,35.24373,135.133908
3224,西相生,34.801303,134.450563
3225,坂越,34.768679,134.417244
3226,播州赤穂,34.756601,134.392976
3227,天和,34.749097,134.351418
3228,備前福河,34.746681,134.331664
3229,寒河,34.746122,134.29778
3230,日生,34.735148,134.276485
3231,伊里,34.741424,134.224525
3232,備前片上,34.748295,134.197006
3233,西片上,34.745193,134.184177
3234,伊部,34.738798,134.160554
3235,香登,34.727737,134.119542
3236,長船,34.699909,134.098828
3237,邑久,34.668526,134.091027
3238,大富,34.661429,134.070762
3239,西大寺,34.661878,134.037037
3240,大多羅,34.665661,134.006354
3241,日岡,34.778643,134.857153
3242,神野,34.790922,134.878854
3243,厄神,34.794623,134.90682
3244,市場(JR),34.819352,134.932494
3245,小野町,34.833601,134.918466
3246,粟生,34.856859,134.909509
3247,河合西,34.879221,134.919519
3248,青野ヶ原,34.897297,134.927933
3249,社町,34.920336,134.934507
3250,滝野,34.941034,134.954919
3251,滝(兵庫),34.948812,134.962374
3252,西脇市,34.971702,134.968795
3253,新西脇,34.977907,134.977563
3254,比延,34.988773,134.995733
3255,日本へそ公園,35.002069,134.997633
3256,黒田庄,35.022689,134.992522
3257,本黒田,35.052941,134.99591
3258,船町口,35.06291,135.009342
3259,久下村,35.075812,135.030557
3260,播磨高岡,34.841918,134.658674
3261,余部,34.856483,134.642783
3262,太市,34.863998,134.607087
3263,本竜野,34.861762,134.555611
3264,東觜崎,34.887629,134.557685
3265,播磨新宮,34.921442,134.545766
3266,千本,34.942508,134.494327
3267,西栗栖,34.952378,134.470646
3268,三日月,34.984846,134.435318
3269,播磨徳久,34.990473,134.385711
3270,佐用,35.003579,134.356538
3271,上月,34.983425,134.32251
3272,美作土居,34.995078,134.25991
3273,美作江見,35.013403,134.219754
3274,楢原,35.01974,134.189362
3275,林野,35.013893,134.151411
3276,勝間田,35.035882,134.118971
3277,西勝間田,35.043553,134.089316
3278,美作大崎,35.045419,134.067298
3279,東津山,35.058676,134.031818
3280,津山,35.054511,134.003477
3281,院庄,35.059068,133.957617
3282,美作千代,35.058311,133.906201
3283,坪井,35.062041,133.877295
3284,美作追分,35.058876,133.820063
3285,美作落合,35.02318,133.759656
3286,古見(岡山),35.049213,133.760616
3287,久世,35.080976,133.745133
3288,中国勝山,35.080556,133.694735
3289,月田,35.048195,133.666839
3290,富原,35.054838,133.612494
3291,刑部,35.076283,133.565981
3292,丹治部,35.046392,133.553725
3293,岩山,35.02262,133.512674
3294,新見,34.987232,133.45674
3295,京口,34.834672,134.70535
3296,野里,34.856142,134.711251
3297,砥堀,34.866427,134.724833
3298,仁豊野,34.885144,134.728315
3299,香呂,34.911389,134.735895
3300,溝口,34.927859,134.742347
3301,福崎,34.960637,134.750618
3302,甘地,34.98814,134.758525
3303,鶴居,35.023742,134.754716
3304,新野(兵庫),35.050278,134.752482
3305,寺前,35.065462,134.743255
3306,長谷(兵庫),35.117029,134.748103
3307,生野(兵庫),35.163227,134.789259
3308,新井(兵庫),35.236471,134.79508
3309,青倉,35.26719,134.811789
3310,竹田(兵庫),35.298459,134.835422
3311,畠田,34.578427,135.703874
3312,志都美,34.561515,135.701997
3313,香芝,34.543137,135.705767
3314,JR五位堂,34.527667,135.718435
3315,高田(奈良),34.515916,135.745033
3316,大和新庄,34.488827,135.736001
3317,御所,34.465102,135.733819
3318,近鉄御所,34.46468,135.732496
3319,玉手,34.458467,135.748479
3320,掖上,34.452393,135.763127
3321,吉野口,34.420704,135.750343
3322,北宇智,34.381264,135.714722
3323,五条(奈良),34.355727,135.698679
3324,大和二見,34.346125,135.684516
3325,隅田,34.32811,135.655639
3326,下兵庫,34.322613,135.634741
3327,橋本(和歌山),34.318158,135.614767
3328,紀伊山田,34.3131,135.584051
3329,高野口,34.307603,135.556957
3330,中飯降,34.304209,135.532019
3331,妙寺,34.298607,135.517382
3332,大谷(和歌山),34.298548,135.493698
3333,笠田,34.292073,135.479947
3334,西笠田,34.280136,135.452551
3335,名手,34.272883,135.433498
3336,粉河,34.270717,135.404184
3337,紀伊長田,34.268242,135.391536
3338,打田,34.265178,135.364224
3339,下井阪,34.262003,135.340256
3340,岩出,34.254945,135.321272
3341,船戸,34.248301,135.311171
3342,紀伊小倉,34.246357,135.287346
3343,布施屋,34.244481,135.261579
3344,千旦,34.24167,135.245677
3345,田井ノ瀬,34.242153,135.229492
3346,京終,34.670031,135.828446
3347,帯解,34.643156,135.82621
3348,櫟本,34.621058,135.826329
3349,天理,34.60113,135.830283
3350,長柄,34.574252,135.835021
3351,柳本,34.55926,135.838715
3352,巻向,34.545147,135.840943
3353,三輪,34.527138,135.848435
3354,桜井(奈良),34.513143,135.846527
3355,香久山,34.510704,135.825092
3356,畝傍,34.508209,135.794154
3357,金橋,34.509639,135.765401
3358,三輪崎,33.689554,135.984906
3359,紀伊佐野,33.679891,135.970447
3360,宇久井,33.662751,135.972302
3361,那智,33.643917,135.936508
3362,紀伊天満,33.636706,135.93457
3363,紀伊勝浦,33.628133,135.941811
3364,湯川,33.609568,135.92508
3365,太地,33.591348,135.927536
3366,下里,33.582115,135.9221
3367,紀伊浦神,33.560473,135.893979
3368,紀伊田原,33.536504,135.868132
3369,古座,33.518449,135.820882
3370,紀伊姫,33.497321,135.796272
3371,串本,33.47547,135.781546
3372,紀伊有田,33.490896,135.736277
3373,田並,33.488059,135.719107
3374,田子,33.490281,135.677603
3375,和深,33.501171,135.654969
3376,江住,33.509539,135.603286
3377,見老津,33.515577,135.575611
3378,周参見,33.546837,135.495784
3379,紀伊日置,33.58491,135.458122
3380,椿,33.609879,135.403877
3381,紀伊富田,33.652709,135.393261
3382,白浜,33.676259,135.3874
3383,朝来,33.696774,135.417581
3384,紀伊新庄,33.720993,135.402355
3385,紀伊田辺,33.733619,135.383581
3386,芳養,33.747323,135.355334
3387,南部,33.767597,135.324223
3388,岩代,33.780372,135.27948
3389,切目,33.796798,135.241072
3390,印南,33.818592,135.219856
3391,稲原,33.852823,135.229774
3392,和佐,33.896954,135.206709
3393,道成寺,33.911118,135.175811
3394,御坊,33.907842,135.158773
3395,紀伊内原,33.92578,135.145177
3396,紀伊由良,33.969028,135.128303
3397,広川ビーチ,34.012804,135.163994
3398,湯浅,34.03226,135.179992
3399,藤並,34.057807,135.197043
3400,紀伊宮原,34.077928,135.169939
3401,箕島,34.086106,135.124074
3402,初島,34.100082,135.115525
3403,下津,34.108854,135.145524
3404,加茂郷,34.125794,135.159963
3405,冷水浦,34.141864,135.193361
3406,海南,34.154536,135.21443
3407,黒江,34.170584,135.210172
3408,紀三井寺,34.187714,135.187594
3409,宮前,34.213375,135.188907
3410,紀和,34.241966,135.181451
3411,和歌山市,34.236717,135.166731
3412,南吹田,34.74949,135.511582
3413,JR淡路,34.740935,135.51972
3414,淡路,34.738827,135.516527
3415,城北公園通,34.72366,135.530665
3416,JR野江,34.707185,135.541464
3417,野江,34.707223,135.543356
3418,高井田中央,34.678764,135.572362
3419,高井田(OsakaMetro),34.678747,135.573113
3420,JR河内永和,34.664717,135.572255
3421,河内永和,34.664276,135.573179
3422,JR俊徳道,34.658372,135.572421
3423,俊徳道,34.658224,135.571777
3424,JR長瀬,34.649516,135.570168
3425,衣摺加美北,34.638333,135.567028
3426,安来,35.427995,133.259279
3427,荒島,35.431817,133.207432
3428,揖屋,35.428062,133.149334
3429,東松江(島根),35.445507,133.128472
3430,松江,35.463947,133.063871
3431,乃木,35.44599,133.048665
3432,玉造温泉,35.430891,133.011825
3433,来待,35.420722,132.951719
3434,宍道,35.406925,132.909224
3435,荘原,35.393603,132.868139
3436,直江,35.383754,132.807578
3437,出雲市,35.360694,132.756518
3438,電鉄出雲市,35.36113,132.75777
3439,西出雲,35.334871,132.721897
3440,出雲神西,35.325116,132.702371
3441,江南(島根),35.31522,132.683263
3442,小田(島根),35.28474,132.630215
3443,田儀,35.275256,132.590152
3444,波根,35.240137,132.526076
3445,久手,35.22943,132.508178
3446,大田市,35.200864,132.499343
3447,静間,35.195467,132.468015
3448,五十猛,35.192792,132.440938
3449,仁万,35.150972,132.403511
3450,馬路,35.128011,132.387422
3451,湯里,35.106568,132.375559
3452,温泉津,35.091256,132.350826
3453,石見福光,35.076536,132.32885
3454,黒松(島根),35.056963,132.313388
3455,浅利,35.037084,132.274054
3456,江津,35.012801,132.223133
3457,都野津,34.9896,132.187398
3458,敬川,34.977826,132.173971
3459,波子,34.964103,132.151287
3460,久代,34.949568,132.139174
3461,下府,34.927322,132.110541
3462,浜田,34.902683,132.088588
3463,西浜田,34.869399,132.050434
3464,周布,34.85812,132.017258
3465,折居,34.826336,131.986769
3466,三保三隅,34.795619,131.956055
3467,岡見,34.771848,131.912526
3468,鎌手,34.751677,131.878224
3469,石見津田,34.722685,131.864757
3470,益田,34.678311,131.838932
3471,戸田小浜,34.673013,131.737783
3472,飯浦,34.668791,131.702082
3473,江崎,34.638167,131.661977
3474,須佐,34.621814,131.6056
3475,宇田郷,34.57181,131.54871
3476,木与,34.532658,131.50339
3477,奈古,34.502938,131.47256
3478,長門大井,34.471068,131.449788
3479,越ヶ浜,34.439216,131.422599
3480,東萩,34.417207,131.410334
3481,萩,34.393845,131.40121
3482,玉江,34.405388,131.379997
3483,三見,34.397263,131.330142
3484,飯井,34.379088,131.294847
3485,長門三隅,34.366163,131.236483
3486,長門市,34.375417,131.185722
3487,仙崎,34.387841,131.198904
3488,黄波戸,34.385232,131.139695
3489,長門古市,34.388461,131.101581
3490,人丸,34.374192,131.057361
3491,伊上,34.370275,131.011351
3492,長門粟野,34.357431,130.970175
3493,阿川,34.335721,130.925942
3494,特牛,34.305979,130.91887
3495,滝部,34.283782,130.946497
3496,長門二見,34.251581,130.914747
3497,宇賀本郷,34.227303,130.927589
3498,湯玉,34.209249,130.932681
3499,小串,34.170186,130.928326
3500,川棚温泉,34.145914,130.921817
3501,黒井村,34.128066,130.912035
3502,梅ヶ峠,34.101469,130.900253
3503,吉見,34.069987,130.90382
3504,福江,34.04714,130.915673
3505,安岡,34.024921,130.916635
3506,梶栗郷台地,34.013474,130.9236
3507,綾羅木,34.003932,130.926662
3508,清音,34.643671,133.733461
3509,総社,34.673534,133.738007
3510,豪渓,34.706299,133.722604
3511,日羽,34.715716,133.689993
3512,美袋,34.719797,133.654388
3513,備中広瀬,34.758552,133.606464
3514,備中高梁,34.788648,133.616524
3515,木野山,34.825682,133.614374
3516,備中川面,34.850129,133.588543
3517,方谷,34.876748,133.556457
3518,井倉,34.931724,133.516301
3519,石蟹,34.954752,133.479506
3520,備中神代,34.994571,133.40079
3521,足立,35.038908,133.383636
3522,新郷(岡山),35.082087,133.367786
3523,上石見,35.112622,133.351273
3524,生山,35.171066,133.322054
3525,上菅,35.193886,133.341813
3526,黒坂,35.206893,133.383674
3527,根雨,35.241483,133.442036
3528,武庫,35.267419,133.476857
3529,江尾,35.283043,133.484837
3530,伯耆溝口,35.348207,133.435357
3531,岸本,35.387333,133.409475
3532,津ノ井,35.461129,134.248594
3533,東郡家,35.429036,134.259877
3534,郡家,35.412824,134.250807
3535,河原,35.397522,134.223098
3536,国英,35.373016,134.217702
3537,鷹狩,35.354205,134.206304
3538,用瀬,35.343492,134.205085
3539,因幡社,35.312507,134.196673
3540,智頭,35.264992,134.22559
3541,土師,35.232901,134.225627
3542,那岐,35.213769,134.209968
3543,美作河井,35.205467,134.107048
3544,知和,35.192956,134.077537
3545,美作加茂,35.169622,134.062239
3546,三浦,35.141531,134.078069
3547,美作滝尾,35.123611,134.071324
3548,高野(岡山),35.080505,134.065834
3549,博労町,35.43168,133.339619
3550,富士見町(鳥取),35.434602,133.336627
3551,後藤,35.440026,133.331264
3552,三本松口,35.446159,133.323072
3553,河崎口,35.45676,133.305407
3554,弓ヶ浜,35.466757,133.288527
3555,和田浜,35.480541,133.265496
3556,大篠津町,35.4889,133.255891
3557,米子空港,35.502321,133.247372
3558,中浜,35.506165,133.24518
3559,高松町,35.515408,133.23985
3560,余子,35.521216,133.236464
3561,上道(鳥取),35.531148,133.230748
3562,馬場崎町,35.538461,133.2265
3563,境港,35.545002,133.222762
3564,南宍道,35.380075,132.918182
3565,加茂中,35.344096,132.910548
3566,幡屋,35.334879,132.939339
3567,出雲大東,35.325597,132.958176
3568,南大東,35.307981,132.928405
3569,木次,35.294669,132.901905
3570,日登,35.276464,132.931261
3571,下久野,35.264811,132.991949
3572,出雲八代,35.22722,133.001448
3573,出雲三成,35.196669,133.009786
3574,亀嵩,35.206204,133.05279
3575,出雲横田,35.177411,133.092394
3576,八川,35.149334,133.089454
3577,出雲坂根,35.10234,133.12067
3578,三井野原,35.091399,133.116341
3579,油木,35.044567,133.119273
3580,備後落合,35.001167,133.148296
3581,江津本町,35.007212,132.230266
3582,千金,35.001635,132.249822
3583,川平,34.996969,132.284411
3584,川戸,34.959735,132.333583
3585,田津,34.951875,132.384492
3586,石見川越,34.950276,132.4154
3587,鹿賀,34.962967,132.445753
3588,因原,34.966514,132.473262
3589,石見川本,34.99129,132.492624
3590,木路原,34.997514,132.508325
3591,竹,35.012676,132.529753
3592,乙原,35.026135,132.547479
3593,石見簗瀬,35.042339,132.565521
3594,明塚,35.048799,132.583933
3595,粕淵,35.072447,132.592926
3596,浜原,35.060043,132.599564
3597,沢谷,35.057894,132.634682
3598,潮,35.016034,132.632425
3599,石見松原,34.992792,132.615042
3600,石見都賀,34.956356,132.642711
3601,宇都井,34.906557,132.629657
3602,伊賀和志,34.895039,132.66094
3603,口羽,34.884442,132.671234
3604,江平,34.875252,132.702219
3605,作木口,34.86017,132.707061
3606,香淀,34.827113,132.71385
3607,式敷,34.815809,132.712598
3608,信木,34.812983,132.730502
3609,所木,34.809925,132.75121
3610,船佐,34.808086,132.766153
3611,長谷(広島),34.803142,132.788146
3612,粟屋,34.810197,132.812892
3613,尾関山,34.812737,132.8417
3614,三次,34.802646,132.855976
3615,周防下郷,34.101132,131.401723
3616,上郷,34.116333,131.40179
3617,仁保津,34.128821,131.415455
3618,大歳,34.147278,131.433091
3619,矢原,34.150681,131.446229
3620,湯田温泉,34.159797,131.460093
3621,山口(山口),34.172737,131.480985
3622,上山口,34.18239,131.484742
3623,宮野,34.191429,131.498735
3624,仁保,34.216291,131.536264
3625,篠目,34.279135,131.562166
3626,長門峡,34.304532,131.578725
3627,渡川,34.322922,131.604033
3628,三谷(山口),34.341568,131.624217
3629,名草,34.353789,131.651203
3630,地福,34.362738,131.674229
3631,鍋倉,34.378276,131.694161
3632,徳佐,34.399618,131.720042
3633,船平山,34.421369,131.734107
3634,津和野,34.472529,131.773727
3635,青野山,34.480962,131.803191
3636,日原,34.532494,131.831892
3637,青原,34.560351,131.800633
3638,東青原,34.585026,131.79746
3639,石見横田,34.617965,131.804506
3640,本俣賀,34.652647,131.826922
3641,大元,34.647571,133.910795
3642,備前西市,34.631448,133.899852
3643,妹尾,34.608269,133.871246
3644,備中箕島,34.605697,133.850889
3645,早島,34.602158,133.833306
3646,久々原,34.592158,133.82796
3647,茶屋町,34.57694,133.825906
3648,彦崎,34.552035,133.835045
3649,備前片岡,34.54381,133.861837
3650,迫川,34.536484,133.879394
3651,常山,34.531374,133.893096
3652,八浜,34.532039,133.919504
3653,備前田井,34.516027,133.943117
3654,宇野,34.495035,133.953706
3655,植松,34.551158,133.827979
3656,木見,34.52773,133.823785
3657,上の町,34.490944,133.815233
3658,児島(JR),34.462817,133.807729
3659,宇多津,34.306271,133.813686
3660,備前三門,34.66786,133.900501
3661,大安寺,34.662894,133.887711
3662,備前一宮,34.678838,133.864083
3663,吉備津,34.674491,133.846201
3664,備中高松,34.68649,133.822382
3665,足守,34.698075,133.802765
3666,服部,34.691153,133.775395
3667,東総社,34.677774,133.751411
3668,布原,34.988086,133.422293
3669,坂根,34.972957,133.37079
3670,市岡,34.966232,133.346948
3671,矢神,34.943413,133.332797
3672,野馳,34.915046,133.316833
3673,東城,34.901802,133.273687
3674,備後八幡,34.938192,133.232086
3675,内名,34.964959,133.231937
3676,小奴可,34.994552,133.211211
3677,道後山,35.010894,133.178269
3678,比婆山,34.966298,133.123236
3679,備後西城,34.940345,133.119729
3680,平子,34.912879,133.100154
3681,高,34.87778,133.070603
3682,備後庄原,34.862317,133.016105
3683,備後三日市,34.85507,132.998269
3684,七塚,34.844391,132.98584
3685,山ノ内(広島),34.829608,132.957671
3686,下和知,34.797668,132.925336
3687,塩町,34.774265,132.913863
3688,神杉,34.780725,132.902747
3689,八次,34.802244,132.878805
3690,西三次,34.798524,132.840961
3691,志和地,34.740475,132.80392
3692,上川立,34.725373,132.784873
3693,甲立,34.692611,132.759991
3694,吉田口,34.664106,132.745832
3695,向原(広島),34.615215,132.719883
3696,井原市,34.585013,132.675569
3697,志和口,34.554333,132.658205
3698,上三田,34.538646,132.64389
3699,中三田,34.513604,132.609329
3700,白木山,34.500563,132.587867
3701,狩留家,34.486614,132.579007
3702,上深川,34.47591,132.562619
3703,中深川,34.481076,132.533971
3704,下深川,34.488683,132.524702
3705,玖村,34.482039,132.507898
3706,安芸矢口,34.463579,132.495094
3707,戸坂,34.438193,132.491246
3708,矢賀,34.399319,132.497769
3709,津山口,35.054569,133.982879
3710,佐良山,35.032024,133.960748
3711,亀甲,34.998542,133.959188
3712,小原,34.968234,133.962033
3713,誕生寺,34.951768,133.959375
3714,弓削,34.925457,133.957849
3715,神目,34.896201,133.935142
3716,福渡,34.870256,133.904037
3717,建部,34.842285,133.899187
3718,金川,34.792029,133.933724
3719,野々口,34.771104,133.932603
3720,牧山,34.741221,133.960424
3721,玉柏,34.716965,133.964472
3722,備前原,34.704965,133.944929
3723,法界院,34.684851,133.927547
3724,須波,34.370061,133.083724
3725,安芸幸崎,34.338165,133.040096
3726,忠海,34.33689,132.991289
3727,安芸長浜,34.337804,132.962681
3728,大乗,34.340656,132.945311
3729,竹原,34.33945,132.909705
3730,吉名,34.320616,132.86576
3731,安芸津,34.318227,132.817838
3732,風早,34.303234,132.795789
3733,安浦,34.284013,132.744067
3734,安登,34.254396,132.722741
3735,安芸川尻,34.232854,132.691672
3736,仁方,34.221784,132.655406
3737,広,34.228613,132.628417
3738,新広,34.23206,132.614557
3739,安芸阿賀,34.235843,132.599788
3740,呉,34.244652,132.557578
3741,川原石,34.248817,132.541143
3742,吉浦,34.257947,132.527189
3743,かるが浜,34.263885,132.517523
3744,天応,34.282238,132.519617
3745,呉ポートピア,34.29192,132.512951
3746,小屋浦,34.302363,132.506446
3747,水尻,34.319433,132.498763
3748,坂,34.338635,132.510736
3749,矢野,34.352081,132.531931
3750,三滝,34.417278,132.447397
3751,安芸長束,34.428382,132.456063
3752,下祇園,34.439354,132.462328
3753,古市橋,34.450516,132.468089
3754,大町(広島),34.461136,132.470655
3755,緑井,34.467459,132.475851
3756,七軒茶屋,34.472609,132.481156
3757,梅林(広島),34.480877,132.494166
3758,上八木,34.489805,132.506037
3759,中島(広島),34.500351,132.513075
3760,可部,34.512066,132.51073
3761,河戸帆待川,34.5167,132.505003
3762,あき亀山,34.517264,132.4959
3763,備後本庄,34.493312,133.345083
3764,横尾,34.52139,133.363484
3765,神辺,34.537131,133.378747
3766,湯田村,34.551918,133.371294
3767,道上,34.553503,133.361398
3768,万能倉,34.551092,133.338516
3769,駅家,34.549079,133.3259
3770,近田,34.54627,133.31096
3771,戸手,34.546478,133.300613
3772,上戸手,34.5515,133.282137
3773,新市,34.554429,133.269483
3774,高木(広島),34.562987,133.253231
3775,鵜飼,34.567905,133.244462
3776,府中(広島),34.571646,133.236021
3777,下川辺,34.554311,133.205282
3778,中畑,34.582311,133.193301
3779,河佐,34.589929,133.16669
3780,備後三川,34.630201,133.110118
3781,備後矢野,34.664316,133.125736
3782,上下,34.694932,133.117625
3783,甲奴,34.703642,133.081331
3784,梶田,34.711037,133.058919
3785,備後安田,34.741075,133.033978
3786,吉舎,34.727641,132.990771
3787,三良坂,34.766186,132.957578
3788,上嘉川,34.073407,131.378726
3789,深溝,34.04699,131.371313
3790,周防佐山,34.034919,131.363667
3791,岩倉(山口),34.02337,131.360009
3792,阿知須,34.010535,131.356665
3793,岐波,33.989654,131.347864
3794,丸尾,33.970255,131.336718
3795,床波,33.952851,131.305457
3796,常盤(山口),33.940907,131.292636
3797,草江,33.936602,131.274304
3798,宇部岬,33.934672,131.262102
3799,東新川(山口),33.94839,131.25691
3800,琴芝,33.952698,131.252244
3801,宇部新川,33.958369,131.242441
3802,居能,33.96706,131.228161
3803,岩鼻,33.978608,131.225406
3804,湯ノ峠,34.085649,131.172601
3805,厚保,34.113929,131.154691
3806,四郎ヶ原,34.137596,131.161162
3807,南大嶺,34.161483,131.185299
3808,美祢,34.169077,131.203981
3809,重安,34.194339,131.2087
3810,於福,34.236421,131.20794
3811,渋木,34.311679,131.196663
3812,長門湯本,34.334435,131.172422
3813,板持,34.353341,131.176666
3814,妻崎,33.970359,131.20278
3815,長門長沢,33.966562,131.196786
3816,雀田,33.960743,131.186951
3817,小野田港,33.972,131.175146
3818,南小野田,33.97743,131.174949
3819,南中川,33.986973,131.17887
3820,目出,33.996595,131.183334
3821,浜河内,33.950529,131.179518
3822,長門本山,33.942755,131.173213
3823,西岩国,34.16302,132.195786
3824,川西(山口),34.156612,132.177321
3825,柱野,34.143874,132.154599
3826,欽明路,34.1044,132.101813
3827,玖珂,34.097195,132.081951
3828,周防高森,34.090701,132.045564
3829,米川,34.074521,132.014745
3830,高水,34.055395,131.973069
3831,勝間,34.042008,131.953979
3832,大河内,34.03098,131.934175
3833,周防久保,34.029211,131.919248
3834,生野屋,34.035445,131.887359
3835,周防花岡,34.035922,131.867328
3836,多度津,34.271238,133.757235
3837,金蔵寺,34.248152,133.777486
3838,善通寺,34.230021,133.789235
3839,琴平,34.192106,133.8213
3840,塩入,34.156089,133.849938
3841,黒川(香川),34.133145,133.82011
3842,讃岐財田,34.117463,133.814781
3843,坪尻,34.053932,133.823816
3844,箸蔵,34.040318,133.848495
3845,佃,34.032439,133.857677
3846,阿波池田,34.026891,133.804669
3847,三縄,34.006854,133.7874
3848,祖谷口,33.972692,133.780423
3849,阿波川口,33.963649,133.754634
3850,小歩危,33.923352,133.758767
3851,大歩危,33.8765,133.767348
3852,土佐岩原,33.822582,133.788154
3853,豊永,33.796788,133.759638
3854,大田口,33.785539,133.726552
3855,土佐穴内,33.779192,133.696126
3856,大杉,33.761091,133.66445
3857,土佐北川,33.714792,133.686312
3858,角茂谷,33.695689,133.692528
3859,繁藤,33.680389,133.690186
3860,新改,33.649596,133.695763
3861,土佐山田,33.607085,133.684664
3862,山田西町,33.60453,133.677287
3863,土佐長岡,33.591728,133.662219
3864,後免,33.579245,133.645479
3865,土佐大津,33.576661,133.612062
3866,一条橋,33.574881,133.613621
3867,布師田,33.575595,133.590379
3868,土佐一宮,33.578974,133.577274
3869,薊野,33.578243,133.560056
3870,高知,33.567242,133.543656
3871,高知駅前,33.566774,133.543669
3872,入明,33.567322,133.530298
3873,円行寺口,33.565816,133.520791
3874,旭(高知),33.558808,133.50852
3875,高知商業前,33.558419,133.497443
3876,朝倉(JR),33.551545,133.485487
3877,朝倉駅前,33.550824,133.485847
3878,枝川,33.550726,133.448193
3879,伊野(JR),33.547507,133.430128
3880,伊野駅前,33.548488,133.429807
3881,波川,33.543699,133.414191
3882,小村神社前,33.539988,133.392866
3883,日下,33.533436,133.371456
3884,岡花,33.529922,133.35123
3885,土佐加茂,33.523558,133.321219
3886,西佐川,33.512604,133.286652
3887,佐川,33.500189,133.292741
3888,襟野々,33.488527,133.300426
3889,斗賀野,33.475453,133.286397
3890,吾桑,33.43027,133.295588
3891,多ノ郷,33.410655,133.294641
3892,大間,33.406872,133.287666
3893,須崎,33.392649,133.293214
3894,土佐新荘,33.386369,133.278065
3895,安和,33.36692,133.258901
3896,土佐久礼,33.328972,133.226483
3897,影野,33.275854,133.173519
3898,六反地,33.261992,133.169339
3899,仁井田(高知),33.245097,133.161204
3900,窪川,33.212656,133.137285
3901,高松(香川),34.350754,134.046821
3902,昭和町(香川),34.343882,134.032141
3903,栗林公園北口,34.334188,134.041561
3904,栗林,34.332181,134.053571
3905,木太町,34.331928,134.079889
3906,屋島,34.336655,134.109102
3907,古高松南,34.34118,134.121381
3908,八栗口,34.338948,134.136719
3909,讃岐牟礼,34.336439,134.147592
3910,八栗新道,34.336705,134.147295
3911,志度,34.321508,134.173144
3912,琴電志度,34.32246,134.172528
3913,オレンジタウン,34.301828,134.180947
3914,造田,34.282967,134.185888
3915,神前(香川),34.282895,134.208935
3916,讃岐津田,34.288253,134.248335
3917,鶴羽,34.280005,134.274003
3918,丹生,34.254517,134.301468
3919,三本松(香川),34.251529,134.334453
3920,讃岐白鳥,34.243642,134.366203
3921,引田,34.224472,134.402072
3922,讃岐相生,34.211977,134.424537
3923,阿波大宮,34.178751,134.448641
3924,板野,34.141971,134.465512
3925,阿波川端,34.148827,134.483769
3926,板東,34.155369,134.506805
3927,池谷,34.152783,134.529097
3928,勝瑞,34.128063,134.528225
3929,吉成,34.118603,134.530795
3930,佐古,34.080644,134.538539
3931,徳島,34.074572,134.551391
3932,蔵本,34.07934,134.518044
3933,鮎喰,34.07734,134.50602
3934,府中(徳島),34.074312,134.482886
3935,石井(徳島),34.070321,134.444334
3936,下浦,34.067669,134.421011
3937,牛島,34.076751,134.397131
3938,麻植塚,34.07514,134.376394
3939,鴨島,34.073757,134.356037
3940,西麻植,34.072442,134.336225
3941,阿波川島,34.061854,134.320782
3942,学,34.057766,134.286411
3943,山瀬,34.060206,134.256553
3944,阿波山川,34.055162,134.234271
3945,川田,34.061311,134.204521
3946,穴吹,34.056161,134.163053
3947,小島,34.050309,134.10704
3948,貞光,34.039337,134.059177
3949,阿波半田,34.041059,134.03617
3950,江口,34.037131,133.973801
3951,三加茂,34.0357,133.949211
3952,阿波加茂,34.036708,133.927033
3953,辻,34.02912,133.873856
3954,阿波富田,34.064051,134.555658
3955,二軒屋,34.054952,134.546847
3956,文化の森,34.044298,134.543312
3957,地蔵橋,34.026444,134.54727
3958,中田(徳島),34.010319,134.569543
3959,南小松島,34.005634,134.586994
3960,阿波赤石,33.981729,134.60583
3961,立江,33.970336,134.608785
3962,羽ノ浦,33.957293,134.626183
3963,西原(徳島),33.9483,134.644906
3964,阿波中島,33.941223,134.664834
3965,阿南,33.919129,134.66229
3966,見能林,33.902984,134.667015
3967,阿波橘,33.888472,134.651281
3968,桑野,33.87466,134.613287
3969,新野(徳島),33.846813,134.600283
3970,阿波福井,33.824074,134.605272
3971,由岐,33.776032,134.591857
3972,田井ノ浜,33.772863,134.584127
3973,木岐,33.766616,134.569473
3974,北河内(徳島),33.743286,134.53528
3975,日和佐,33.728954,134.530603
3976,山河内,33.715139,134.485273
3977,辺川,33.694711,134.434874
3978,牟岐,33.672192,134.418192
3979,鯖瀬,33.646398,134.385308
3980,浅川,33.626665,134.358677
3981,阿波海南,33.606379,134.350805
3982,鳴門,34.179131,134.608355
3983,撫養,34.173162,134.600851
3984,金比羅前,34.169651,134.585014
3985,教会前,34.167579,134.577148
3986,立道,34.162024,134.557539
3987,阿波大谷,34.158024,134.540221
3988,香西,34.34096,134.009609
3989,鬼無,34.325455,133.99385
3990,端岡,34.305021,133.968071
3991,国分(香川),34.300541,133.941754
3992,讃岐府中,34.291404,133.923917
3993,鴨川,34.306863,133.905324
3994,八十場,34.312801,133.885305
3995,坂出,34.313189,133.856819
3996,丸亀,34.291974,133.792917
3997,讃岐塩屋,34.285093,133.777486
3998,海岸寺,34.253732,133.729671
3999,津島ノ宮,34.23828,133.704313
4000,詫間,34.221326,133.692812
4001,みの,34.205633,133.710655
4002,高瀬(香川),34.184083,133.711397
4003,比地大,34.166805,133.690325
4004,本山(香川),34.146589,133.68649
4005,観音寺(香川),34.124508,133.655687
4006,豊浜,34.080544,133.644639
4007,箕浦,34.04799,133.619439
4008,川之江,34.014903,133.57617
4009,伊予三島,33.979541,133.542401
4010,伊予寒川,33.967978,133.500123
4011,赤星,33.96673,133.456352
4012,伊予土居,33.959024,133.428294
4013,関川,33.955791,133.392692
4014,多喜浜,33.970533,133.325094
4015,新居浜,33.948124,133.294761
4016,中萩,33.926232,133.253294
4017,伊予西条,33.912584,133.188275
4018,石鎚山,33.895882,133.157744
4019,伊予氷見,33.896734,133.130929
4020,伊予小松,33.897567,133.116717
4021,玉之江,33.912829,133.098941
4022,壬生川,33.929699,133.085568
4023,伊予三芳,33.954382,133.064298
4024,伊予桜井,34.011923,133.035522
4025,伊予富田,34.036302,133.009194
4026,今治,34.063765,132.99408
4027,波止浜,34.098001,132.968922
4028,波方,34.095217,132.942771
4029,大西,34.066128,132.929345
4030,伊予亀岡,34.053811,132.874049
4031,菊間,34.033404,132.841111
4032,浅海,34.010017,132.80306
4033,大浦,34.000005,132.775597
4034,伊予北条,33.972903,132.775339
4035,柳原(愛媛),33.953519,132.773465
4036,粟井,33.942965,132.770576
4037,光洋台,33.926886,132.760967
4038,堀江,33.905458,132.753496
4039,伊予和気,33.889529,132.740672
4040,三津浜,33.86142,132.728798
4041,松山(愛媛),33.839954,132.751149
4042,JR松山駅前,33.840765,132.752326
4043,市坪,33.809113,132.749283
4044,北伊予,33.787441,132.748774
4045,南伊予,33.777726,132.737287
4046,伊予横田,33.772909,132.727121
4047,鳥ノ木,33.763751,132.711309
4048,伊予市,33.755532,132.702532
4049,郡中港,33.756302,132.702315
4050,向井原,33.735871,132.695736
4051,伊予大平,33.715973,132.708479
4052,伊予中山,33.649881,132.711629
4053,伊予立川,33.600458,132.677
4054,内子,33.549305,132.646207
4055,五十崎,33.537809,132.635859
4056,喜多山(愛媛),33.533426,132.611428
4057,新谷,33.534153,132.599037
4058,高野川,33.701624,132.65877
4059,伊予上灘,33.683626,132.632931
4060,下灘,33.655109,132.589219
4061,串,33.647034,132.562996
4062,喜多灘,33.637145,132.531165
4063,伊予長浜,33.615297,132.486861
4064,伊予出石,33.596338,132.498833
4065,伊予白滝,33.578588,132.526778
4066,八多喜,33.562643,132.540741
4067,春賀,33.555636,132.555329
4068,五郎,33.541399,132.570473
4069,伊予大洲,33.518601,132.54485
4070,西大洲,33.508204,132.527041
4071,伊予平野,33.495672,132.518025
4072,千丈,33.465432,132.457369
4073,八幡浜,33.458024,132.436213
4074,双岩,33.424314,132.45794
4075,伊予石城,33.391582,132.473112
4076,上宇和,33.379979,132.501337
4077,卯之町,33.363192,132.50994
4078,下宇和,33.349786,132.531172
4079,立間,33.297371,132.539275
4080,伊予吉田,33.273287,132.544098
4081,高光,33.25607,132.573559
4082,北宇和島,33.239442,132.569643
4083,宇和島,33.225774,132.56746
4084,若井,33.18807,133.105937
4085,家地川,33.1614,133.074784
4086,打井川,33.175455,133.031082
4087,土佐大正,33.194815,132.975612
4088,土佐昭和,33.220047,132.897413
4089,十川(高知),33.234869,132.855827
4090,半家,33.201666,132.791428
4091,江川崎,33.178104,132.783074
4092,西ヶ方,33.187309,132.767342
4093,真土,33.223996,132.745283
4094,吉野生,33.224612,132.72918
4095,松丸,33.228325,132.708843
4096,出目,33.251805,132.691978
4097,近永,33.255693,132.676335
4098,深田,33.267655,132.660403
4099,大内,33.286941,132.642393
4100,二名,33.291576,132.629122
4101,伊予宮野下,33.289023,132.605849
4102,務田,33.282862,132.600238
4103,博多,33.590002,130.420622
4104,博多南,33.517955,130.436997
4105,門司港,33.945138,130.961549
4106,九州鉄道記念館,33.944392,130.962439
4107,小森江,33.916352,130.938674
4108,小倉(福岡),33.886756,130.882678
4109,西小倉,33.888673,130.873897
4110,九州工大前,33.900396,130.840068
4111,戸畑,33.897018,130.820692
4112,枝光,33.879367,130.813318
4113,スペースワールド,33.871246,130.806197
4114,八幡(福岡),33.868913,130.795209
4115,黒崎,33.866807,130.766206
4116,黒崎駅前,33.86644,130.765459
4117,陣原,33.868242,130.742656
4118,折尾,33.863629,130.713109
4119,水巻,33.852287,130.694624
4120,遠賀川,33.846684,130.673485
4121,海老津,33.840248,130.62307
4122,教育大前,33.808215,130.590256
4123,赤間,33.808237,130.569477
4124,東郷,33.794488,130.528822
4125,東福間,33.774118,130.511111
4126,福間,33.763316,130.486088
4127,千鳥,33.749129,130.47632
4128,古賀,33.732586,130.466898
4129,ししぶ,33.722223,130.459042
4130,新宮中央,33.711659,130.449163
4131,福工大前,33.698813,130.440536
4132,九産大前,33.673743,130.441184
4133,香椎,33.659228,130.444063
4134,千早,33.649116,130.440486
4135,西鉄千早,33.649199,130.440105
4136,箱崎,33.618063,130.426549
4137,吉塚,33.607142,130.423674
4138,竹下,33.568688,130.431625
4139,笹原,33.553612,130.448396
4140,南福岡,33.542092,130.460447
4141,春日(福岡),33.534701,130.469308
4142,大野城,33.524944,130.480063
4143,水城,33.51779,130.49022
4144,都府楼南,33.503153,130.506625
4145,二日市,33.494515,130.518843
4146,天拝山,33.481847,130.53024
4147,原田(福岡),33.451769,130.539376
4148,けやき台,33.434537,130.533392
4149,基山,33.420945,130.532365
4150,弥生が丘,33.401944,130.528514
4151,田代,33.384007,130.524496
4152,鳥栖,33.373864,130.519374
4153,肥前旭,33.350237,130.495981
4154,久留米,33.319778,130.501408
4155,荒木,33.277149,130.50268
4156,西牟田,33.246243,130.500981
4157,羽犬塚,33.209822,130.49761
4158,筑後船小屋,33.178056,130.491528
4159,瀬高,33.157,130.485181
4160,南瀬高,33.133699,130.471188
4161,渡瀬(福岡),33.099622,130.460094
4162,吉野(福岡),33.075599,130.466459
4163,銀水,33.054932,130.460944
4164,大牟田,33.029754,130.443784
4165,荒尾(熊本),32.994682,130.434717
4166,南荒尾,32.966029,130.433012
4167,長洲,32.935205,130.455652
4168,大野下,32.921737,130.502038
4169,玉名,32.926021,130.548494
4170,肥後伊倉,32.913233,130.586803
4171,木葉,32.916528,130.626441
4172,田原坂,32.899416,130.653197
4173,植木,32.880226,130.680834
4174,西里,32.854607,130.700139
4175,崇城大学前,32.83102,130.694895
4176,上熊本(JR/熊本電気鉄道),32.817305,130.698831
4177,熊本,32.78988,130.68899
4178,熊本駅前,32.78956,130.68966
4179,西熊本,32.7625,130.682812
4180,川尻,32.743772,130.679907
4181,富合,32.713658,130.672808
4182,宇土,32.694237,130.669148
4183,松橋,32.652324,130.670588
4184,小川(熊本),32.600979,130.694339
4185,有佐,32.562711,130.670049
4186,千丁,32.532387,130.64556
4187,新八代,32.517888,130.634919
4188,八代,32.503805,130.621609
4189,川内(鹿児島),31.813726,130.31213
4190,隈之城,31.79255,130.307092
4191,木場茶屋,31.766138,130.308046
4192,串木野,31.721605,130.274531
4193,神村学園前,31.703731,130.284129
4194,市来,31.68999,130.302727
4195,湯之元,31.673961,130.336753
4196,東市来,31.655164,130.347609
4197,伊集院,31.630148,130.395703
4198,薩摩松元,31.605318,130.439002
4199,上伊集院,31.593837,130.459468
4200,広木,31.576712,130.504328
4201,鹿児島中央,31.583727,130.541789
4202,鹿児島中央駅前,31.58412,130.543703
4203,鹿児島,31.602098,130.564112
4204,鹿児島駅前,31.601264,130.562414
4205,新鳥栖,33.370278,130.491111
4206,肥前麓,33.36578,130.477499
4207,中原,33.346241,130.440046
4208,吉野ヶ里公園,33.324917,130.399553
4209,神埼,33.315851,130.374446
4210,伊賀屋,33.290195,130.336753
4211,佐賀,33.264212,130.297608
4212,鍋島,33.259062,130.265702
4213,バルーンさが,33.257795,130.248942
4214,久保田(佐賀),33.255717,130.229594
4215,牛津,33.247859,130.201016
4216,江北(佐賀),33.21919,130.160858
4217,肥前白石,33.186679,130.135952
4218,肥前竜王,33.146663,130.12042
4219,肥前鹿島,33.114445,130.097805
4220,肥前浜,33.095103,130.117079
4221,肥前七浦,33.070931,130.145245
4222,肥前飯田,33.055701,130.158754
4223,多良,33.02524,130.176049
4224,肥前大浦,32.975043,130.207159
4225,小長井,32.924075,130.186386
4226,長里,32.91526,130.165484
4227,湯江,32.904811,130.140614
4228,小江,32.891351,130.112282
4229,肥前長田,32.861773,130.079971
4230,東諫早,32.852823,130.061675
4231,西諫早,32.839632,130.021269
4232,喜々津,32.832743,129.98627
4233,市布,32.818986,129.965831
4234,肥前古賀,32.798463,129.951571
4235,現川,32.79118,129.926453
4236,東園(長崎),32.847091,129.962591
4237,大草,32.860232,129.938972
4238,本川内,32.831792,129.899916
4239,長与,32.818981,129.879434
4240,高田(長崎),32.819475,129.869457
4241,道ノ尾,32.804329,129.852997
4242,西浦上,32.790245,129.859206
4243,昭和町通,32.79063,129.860694
4244,浦上,32.765431,129.863507
4245,浦上駅前,32.765481,129.864171
4246,武雄温泉,33.196151,130.022322
4247,嬉野温泉,33.106556,129.998972
4248,新大村,32.932836,129.957049
4249,諫早,32.851018,130.041596
4250,長崎(長崎),32.752375,129.868938
4251,長崎駅前,32.75238,129.871874
4252,南小倉,33.869972,130.864895
4253,城野(JR),33.858202,130.886242
4254,安部山公園,33.844078,130.904498
4255,下曽根,33.832522,130.934829
4256,朽網,33.807384,130.955025
4257,苅田,33.784462,130.979016
4258,小波瀬西工大前,33.752992,130.97197
4259,行橋,33.72835,130.970313
4260,南行橋,33.716332,130.981118
4261,新田原,33.695152,131.008316
4262,築城,33.673119,131.038069
4263,椎田,33.653377,131.057965
4264,豊前松江,33.622487,131.095421
4265,宇島,33.62131,131.126354
4266,三毛門,33.614597,131.15653
4267,吉富(福岡),33.604465,131.174012
4268,中津(大分),33.599202,131.190769
4269,東中津,33.58788,131.238664
4270,今津(大分),33.571929,131.267462
4271,天津,33.564678,131.292962
4272,豊前善光寺,33.566479,131.322776
4273,柳ヶ浦,33.564982,131.362665
4274,豊前長洲,33.56465,131.383264
4275,宇佐,33.531373,131.41231
4276,西屋敷,33.504332,131.429433
4277,立石,33.481829,131.476993
4278,中山香,33.448636,131.505721
4279,杵築,33.411081,131.575295
4280,大神,33.383576,131.57524
4281,日出,33.368921,131.543036
4282,暘谷,33.370112,131.530581
4283,豊後豊岡,33.361923,131.50137
4284,亀川,33.330688,131.493019
4285,別府大学,33.31327,131.499255
4286,別府(大分),33.279665,131.500319
4287,東別府,33.267753,131.510537
4288,西大分,33.245184,131.582758
4289,大分,33.232794,131.606595
4290,牧(大分),33.237006,131.637828
4291,高城,33.242837,131.655746
4292,鶴崎,33.242852,131.686899
4293,大在,33.243938,131.720487
4294,坂ノ市,33.236715,131.751593
4295,幸崎,33.233844,131.795095
4296,佐志生,33.174957,131.817688
4297,下ノ江,33.158653,131.811159
4298,熊崎,33.135768,131.787632
4299,上臼杵,33.112499,131.793015
4300,臼杵,33.118496,131.807574
4301,津久見,33.072853,131.863696
4302,日代,33.066024,131.918735
4303,浅海井,33.043539,131.919236
4304,狩生,33.015334,131.904908
4305,海崎,32.996041,131.88796
4306,佐伯,32.972521,131.901857
4307,上岡,32.956302,131.8616
4308,直見,32.928396,131.807899
4309,直川,32.898667,131.779529
4310,重岡,32.840339,131.715499
4311,宗太郎,32.78628,131.706735
4312,市棚,32.728336,131.710255
4313,北川,32.690558,131.697691
4314,日向長井,32.664325,131.700156
4315,北延岡,32.630276,131.689869
4316,延岡,32.589944,131.672442
4317,南延岡,32.559272,131.676829
4318,旭ヶ丘(宮崎),32.52812,131.681386
4319,土々呂,32.507832,131.675009
4320,門川,32.477381,131.653972
4321,日向市,32.4258,131.62784
4322,財光寺,32.405654,131.627602
4323,南日向,32.369867,131.627784
4324,美々津,32.325892,131.602279
4325,東都農,32.290109,131.582054
4326,都農,32.251085,131.568429
4327,川南,32.192224,131.553321
4328,高鍋,32.122866,131.533927
4329,日向新富,32.072479,131.501627
4330,佐土原,32.022412,131.477504
4331,日向住吉,31.991244,131.457986
4332,蓮ヶ池,31.960113,131.442802
4333,宮崎神宮,31.938067,131.430223
4334,宮崎,31.915742,131.431975
4335,南宮崎,31.895097,131.422329
4336,加納(宮崎),31.876084,131.406246
4337,清武,31.859418,131.38931
4338,日向沓掛,31.842241,131.344763
4339,田野(宮崎),31.838438,131.304255
4340,青井岳,31.827922,131.218153
4341,山之口,31.782582,131.152735
4342,餅原,31.757094,131.132508
4343,三股,31.733794,131.119384
4344,都城,31.73657,131.073992
4345,西都城,31.723381,131.057027
4346,五十市,31.718448,131.033833
4347,財部,31.728796,130.991374
4348,北俣,31.745007,130.960034
4349,大隅大川原,31.772767,130.924355
4350,北永野田,31.782118,130.87444
4351,霧島神宮,31.818181,130.836939
4352,国分(鹿児島),31.743657,130.763447
4353,隼人,31.743893,130.740316
4354,加治木,31.739271,130.670752
4355,錦江,31.73691,130.6533
4356,帖佐,31.72697,130.632716
4357,姶良,31.715246,130.623259
4358,重富,31.702717,130.61408
4359,竜ヶ水,31.64743,130.604239
4360,仙巌園,31.616611,130.576694
4361,桂川(福岡),33.584705,130.662752
4362,筑前大分,33.590006,130.630196
4363,九郎原,33.592492,130.612439
4364,城戸南蔵院前,33.61826,130.572076
4365,筑前山手,33.622251,130.55693
4366,篠栗,33.624045,130.524515
4367,門松,33.620531,130.496529
4368,長者原,33.613567,130.477848
4369,原町,33.611748,130.470949
4370,柚須,33.613206,130.445031
4371,姪浜,33.583764,130.32521
4372,下山門,33.58193,130.308217
4373,今宿,33.579449,130.273531
4374,九大学研都市,33.578178,130.259832
4375,周船寺,33.570762,130.245766
4376,波多江,33.563876,130.226374
4377,糸島高校前,33.560244,130.211839
4378,筑前前原,33.557018,130.199332
4379,美咲が丘,33.549624,130.185039
4380,加布里,33.54381,130.176738
4381,一貴山,33.534294,130.168236
4382,筑前深江,33.515099,130.139303
4383,大入,33.50891,130.105576
4384,福吉,33.50166,130.079832
4385,鹿家,33.484391,130.047904
4386,浜崎,33.446871,130.037369
4387,虹ノ松原,33.441035,130.016271
4388,東唐津,33.439409,129.996876
4389,和多田,33.437048,129.980616
4390,唐津,33.446038,129.96835
4391,西唐津,33.46142,129.957748
4392,若松,33.901179,130.806307
4393,藤ノ木,33.893426,130.781838
4394,奥洞海,33.889165,130.76492
4395,二島,33.889687,130.748413
4396,本城,33.875135,130.722899
4397,東水巻,33.840852,130.70826
4398,中間,33.828132,130.709302
4399,筑前垣生,33.818385,130.702269
4400,鞍手,33.797699,130.699412
4401,筑前植木,33.777174,130.70795
4402,新入,33.763498,130.714152
4403,直方,33.748639,130.724339
4404,勝野,33.728338,130.715893
4405,小竹,33.697227,130.710338
4406,鯰田,33.669341,130.703163
4407,浦田(福岡),33.655801,130.699277
4408,新飯塚,33.644261,130.694278
4409,飯塚,33.628487,130.689545
4410,天道,33.605342,130.67787
4411,上穂波,33.566909,130.645151
4412,筑前内野,33.539967,130.63793
4413,筑前山家,33.477472,130.574185
4414,久留米高校前,33.298437,130.516378
4415,南久留米,33.302857,130.532204
4416,久留米大学前,33.310843,130.548876
4417,御井,33.312813,130.562361
4418,善導寺,33.320141,130.608851
4419,筑後草野,33.321988,130.642143
4420,田主丸,33.338871,130.692353
4421,筑後吉井,33.341014,130.752193
4422,うきは,33.33506,130.789107
4423,筑後大石,33.347215,130.816899
4424,夜明,33.319541,130.866195
4425,光岡,33.327668,130.919901
4426,日田,33.317014,130.938786
4427,豊後三芳,33.305796,130.951557
4428,豊後中川,33.284482,131.005834
4429,天ヶ瀬,33.254747,131.023877
4430,杉河内,33.264391,131.065535
4431,北山田(大分),33.282004,131.100917
4432,豊後森,33.282954,131.155202
4433,恵良,33.255224,131.174566
4434,引治,33.229188,131.183589
4435,豊後中村,33.226016,131.207548
4436,野矢,33.240391,131.25186
4437,由布院,33.262551,131.355024
4438,南由布,33.242116,131.333544
4439,湯平,33.197339,131.354395
4440,庄内(大分),33.185126,131.402063
4441,天神山,33.187154,131.438821
4442,小野屋,33.185258,131.452546
4443,鬼瀬,33.195721,131.485586
4444,向之原,33.196625,131.514075
4445,豊後国分,33.195065,131.551219
4446,賀来,33.213091,131.562455
4447,南大分,33.214276,131.585913
4448,古国府,33.220707,131.608306
4449,石田(福岡),33.831985,130.888847
4450,志井公園,33.818636,130.879793
4451,志井(JR),33.803569,130.874596
4452,石原町,33.784959,130.865972
4453,呼野,33.754949,130.861796
4454,採銅所,33.707489,130.853151
4455,香春,33.666003,130.846972
4456,一本松(福岡),33.65607,130.835781
4457,田川伊田,33.642046,130.817688
4458,田川後藤寺,33.630294,130.800232
4459,池尻,33.613121,130.805704
4460,豊前川崎,33.596782,130.821989
4461,西添田,33.57344,130.847124
4462,添田,33.567352,130.856454
4463,歓遊舎ひこさん,33.548854,130.859724
4464,豊前桝田,33.535777,130.86243
4465,彦山,33.500728,130.869093
4466,筑前岩屋,33.430539,130.881524
4467,大行司,33.396897,130.874662
4468,宝珠山,33.378819,130.87942
4469,大鶴,33.366868,130.885387
4470,今山,33.345223,130.876977
4471,上三緒,33.622254,130.713824
4472,下鴨生,33.614811,130.728209
4473,筑前庄内,33.61635,130.738475
4474,船尾(福岡),33.630221,130.767387
4475,西戸崎,33.650139,130.35777
4476,海ノ中道,33.664241,130.361633
4477,雁ノ巣,33.683872,130.403312
4478,奈多,33.68646,130.411983
4479,和白,33.688888,130.429918
4480,香椎神宮,33.649544,130.45271
4481,舞松原,33.645386,130.455141
4482,土井,33.634968,130.466068
4483,伊賀,33.6208,130.473554
4484,酒殿,33.602652,130.486348
4485,須恵,33.596803,130.498077
4486,須恵中央,33.587296,130.505146
4487,新原,33.579061,130.508835
4488,宇美,33.569251,130.513426
4489,大町(佐賀),33.212462,130.106398
4490,北方(佐賀),33.21625,130.083206
4491,高橋,33.2081,130.042315
4492,永尾,33.193439,129.980476
4493,三間坂,33.194722,129.947798
4494,上有田,33.190286,129.905404
4495,有田,33.183779,129.881787
4496,三河内,33.150268,129.82919
4497,早岐,33.134155,129.79929
4498,大塔,33.14917,129.782014
4499,日宇,33.157418,129.758276
4500,佐世保,33.163868,129.725667
4501,鬼塚,33.421166,129.987138
4502,山本(佐賀),33.393472,129.981122
4503,肥前久保,33.355738,130.000104
4504,西相知,33.347686,129.99053
4505,佐里,33.337476,129.978545
4506,駒鳴,33.319455,129.972469
4507,大川野,33.307298,129.976724
4508,肥前長野,33.29571,129.971033
4509,桃川,33.271809,129.956683
4510,金石原,33.265354,129.935012
4511,上伊万里,33.270066,129.892515
4512,伊万里,33.271852,129.876718
4513,小城,33.285749,130.198679
4514,東多久,33.285418,130.143188
4515,中多久,33.28336,130.112308
4516,多久,33.28838,130.096195
4517,厳木,33.323451,130.060148
4518,岩屋(佐賀),33.330775,130.038436
4519,相知,33.347012,130.019337
4520,本牟田部,33.372266,129.996529
4521,ハウステンボス,33.091923,129.796458
4522,南風崎,33.086984,129.80111
4523,小串郷,33.063779,129.834347
4524,川棚,33.068368,129.864112
4525,彼杵,33.039875,129.914541
4526,千綿,33.013107,129.945573
4527,松原(長崎),32.97738,129.94619
4528,大村車両基地,32.955222,129.944528
4529,竹松,32.939959,129.953035
4530,諏訪,32.923627,129.960277
4531,大村(長崎),32.911439,129.962238
4532,岩松,32.890513,129.981218
4533,平成,32.781569,130.703539
4534,南熊本,32.785159,130.711577
4535,新水前寺,32.793363,130.725901
4536,新水前寺駅前,32.793516,130.727069
4537,水前寺,32.796962,130.729823
4538,東海学園前,32.811267,130.742684
4539,竜田口,32.820455,130.746933
4540,武蔵塚,32.850008,130.77024
4541,光の森,32.857834,130.786722
4542,三里木,32.861634,130.796321
4543,原水,32.870625,130.829029
4544,肥後大津,32.877512,130.866218
4545,瀬田(熊本),32.872567,130.914044
4546,立野(熊本),32.87757,130.965403
4547,赤水,32.913261,130.9929
4548,市ノ川,32.928048,131.00759
4549,内牧,32.942136,131.043648
4550,阿蘇,32.937393,131.079959
4551,いこいの村,32.93659,131.094666
4552,宮地,32.937305,131.117476
4553,波野,32.938562,131.195298
4554,滝水,32.933342,131.24263
4555,豊後荻,32.926889,131.297657
4556,玉来,32.947847,131.376369
4557,豊後竹田,32.970906,131.389814
4558,朝地,33.004356,131.432305
4559,緒方,32.971255,131.476678
4560,豊後清川,32.972974,131.523558
4561,三重町,32.983616,131.584389
4562,菅尾,33.014328,131.616716
4563,犬飼,33.078158,131.63667
4564,竹中,33.121529,131.649557
4565,中判田,33.164564,131.638735
4566,大分大学前,33.177131,131.618742
4567,敷戸,33.18811,131.615128
4568,滝尾,33.209495,131.62311
4569,緑川,32.694006,130.631339
4570,住吉(熊本),32.702066,130.597963
4571,肥後長浜,32.690694,130.560302
4572,網田,32.667493,130.547004
4573,赤瀬,32.653252,130.510167
4574,石打ダム,32.642653,130.507013
4575,波多浦,32.615524,130.488117
4576,三角,32.607616,130.469872
4577,段,32.468101,130.645736
4578,坂本,32.435149,130.657898
4579,葉木,32.410293,130.645444
4580,鎌瀬,32.391092,130.65458
4581,瀬戸石,32.371474,130.646004
4582,海路,32.349407,130.61928
4583,吉尾,32.330958,130.600352
4584,白石(熊本),32.305694,130.608328
4585,球泉洞,32.267817,130.608191
4586,一勝地,32.250231,130.652399
4587,那良口,32.243732,130.667479
4588,渡,32.236631,130.694801
4589,西人吉,32.22841,130.725707
4590,人吉(人吉温泉),32.216142,130.753797
4591,大畑,32.16493,130.787722
4592,矢岳,32.104278,130.769799
4593,真幸,32.074544,130.72914
4594,吉松,32.012026,130.738104
4595,栗野,31.950575,130.723663
4596,大隅横川,31.906487,130.702825
4597,植村,31.890175,130.724065
4598,霧島温泉,31.86815,130.734329
4599,嘉例川,31.826939,130.723021
4600,中福良,31.813818,130.733174
4601,表木山,31.796176,130.745324
4602,日当山,31.763402,130.749836
4603,田吉,31.878202,131.430697
4604,宮崎空港,31.87251,131.440555
4605,南方(宮崎),31.859592,131.434378
4606,木花,31.831544,131.43679
4607,運動公園(宮崎),31.819678,131.442629
4608,曽山寺,31.813401,131.448309
4609,子供の国,31.807394,131.457005
4610,青島,31.799801,131.467121
4611,折生迫,31.789357,131.467477
4612,内海(宮崎),31.758508,131.46742
4613,小内海,31.737838,131.466127
4614,伊比井,31.711069,131.456159
4615,北郷,31.678267,131.373565
4616,内之田,31.642551,131.372594
4617,飫肥,31.627216,131.361506
4618,日南,31.603076,131.381267
4619,油津,31.586883,131.396169
4620,大堂津,31.556897,131.382093
4621,南郷,31.535927,131.372157
4622,谷之口,31.533372,131.344615
4623,榎原,31.534688,131.306526
4624,日向大束,31.510584,131.248745
4625,日向北方,31.483037,131.24318
4626,串間,31.462684,131.230448
4627,福島今町,31.456906,131.20333
4628,福島高松,31.458619,131.178301
4629,大隅夏井,31.469801,131.136449
4630,志布志,31.47285,131.097864
4631,日向庄内,31.762056,131.06156
4632,谷頭,31.789348,131.053901
4633,万ヶ塚,31.817215,131.063991
4634,東高崎,31.840946,131.064998
4635,高崎新田,31.875693,131.062669
4636,日向前田,31.908605,131.040386
4637,高原,31.926899,130.999012
4638,広原,31.957766,130.984877
4639,小林(宮崎),31.990749,130.976132
4640,西小林,32.009409,130.921829
4641,えびの飯野,32.030295,130.871178
4642,えびの上江,32.035519,130.850133
4643,えびの,32.042242,130.81621
4644,京町温泉,32.045379,130.767911
4645,鶴丸,32.030394,130.748524
4646,郡元(JR),31.565607,130.541976
4647,純心学園前,31.566872,130.542694
4648,南鹿児島,31.554786,130.543714
4649,南鹿児島駅前,31.555371,130.544196
4650,宇宿,31.544234,130.536458
4651,脇田,31.54418,130.53763
4652,谷山(JR),31.527094,130.51886
4653,慈眼寺,31.517286,130.506212
4654,坂之上,31.500454,130.507801
4655,五位野,31.475201,130.504096
4656,平川,31.450132,130.51367
4657,瀬々串,31.421839,130.522894
4658,中名,31.393591,130.535086
4659,喜入,31.371468,130.538867
4660,前之浜,31.343433,130.556995
4661,生見,31.307292,130.577878
4662,薩摩今和泉,31.29068,130.599002
4663,宮ヶ浜,31.277218,130.619807
4664,二月田,31.254339,130.630082
4665,指宿,31.236925,130.642637
4666,山川,31.211702,130.630127
4667,大山(鹿児島),31.195011,130.5992
4668,西大山,31.190269,130.57621
4669,薩摩川尻,31.194791,130.565385
4670,東開聞,31.200924,130.549897
4671,開聞,31.203932,130.534737
4672,入野(鹿児島),31.204293,130.518788
4673,頴娃,31.229085,130.500378
4674,西頴娃,31.241025,130.491351
4675,御領(鹿児島),31.252032,130.468747
4676,石垣,31.259228,130.445227
4677,水成川,31.257145,130.430695
4678,頴娃大川,31.257875,130.413394
4679,松ヶ浦,31.258843,130.394551
4680,薩摩塩屋,31.257132,130.376128
4681,白沢(鹿児島),31.256898,130.356352
4682,薩摩板敷,31.262313,130.330993
4683,枕崎,31.27215,130.299439
4684,北池袋,35.741283,139.716749
4685,下板橋,35.745721,139.714785
4686,大山(東京),35.748398,139.702589
4687,中板橋,35.756214,139.694628
4688,ときわ台(東京),35.758771,139.689015
4689,上板橋,35.763596,139.67641
4690,東武練馬,35.768698,139.661964
4691,下赤塚,35.770558,139.644482
4692,地下鉄赤塚,35.769939,139.644021
4693,成増,35.777723,139.632708
4694,地下鉄成増,35.776557,139.631497
4695,和光市,35.788507,139.612434
4696,朝霞,35.796736,139.600321
4697,志木,35.822105,139.575367
4698,柳瀬川,35.830723,139.562071
4699,みずほ台,35.838233,139.55078
4700,鶴瀬,35.845776,139.539347
4701,ふじみ野,35.860735,139.523389
4702,上福岡,35.873855,139.511782
4703,新河岸,35.890911,139.497257
4704,川越市,35.914146,139.476989
4705,霞ヶ関,35.925635,139.442897
4706,鶴ヶ島,35.936771,139.423825
4707,若葉,35.948919,139.408782
4708,坂戸,35.957181,139.394032
4709,北坂戸,35.972098,139.396932
4710,高坂,36.002572,139.397747
4711,東松山,36.034608,139.401651
4712,森林公園(埼玉),36.045239,139.374947
4713,つきのわ,36.04352,139.345541
4714,武蔵嵐山,36.044001,139.32829
4715,東武竹沢,36.0754,139.237591
4716,みなみ寄居,36.091111,139.236389
4717,男衾,36.107415,139.234442
4718,鉢形,36.11378,139.208649
4719,玉淀,36.117071,139.200052
4720,浅草(その他),35.711883,139.798214
4721,とうきょうスカイツリー,35.71043,139.809332
4722,押上(スカイツリー前),35.710702,139.812935
4723,曳舟,35.718418,139.816634
4724,東向島,35.724324,139.819306
4725,鐘ヶ淵,35.733712,139.820344
4726,堀切,35.742977,139.817727
4727,牛田(東京),35.744555,139.811816
4728,京成関屋,35.744008,139.81183
4729,小菅,35.759039,139.812935
4730,五反野,35.765852,139.809643
4731,梅島,35.772437,139.797916
4732,西新井,35.777323,139.790372
4733,竹ノ塚,35.794368,139.790788
4734,谷塚,35.814926,139.801483
4735,草加,35.828476,139.803397
4736,獨協大学前-草加松原-,35.84333,139.800622
4737,新田(埼玉),35.854086,139.795391
4738,蒲生,35.866851,139.791686
4739,越谷,35.887529,139.786213
4740,北越谷,35.901724,139.780008
4741,大袋,35.92437,139.777868
4742,せんげん台,35.935832,139.774478
4743,武里,35.949102,139.770675
4744,一ノ割,35.96412,139.766219
4745,春日部,35.980095,139.752345
4746,北春日部,35.990655,139.744012
4747,姫宮,36.004384,139.738674
4748,東武動物公園,36.024604,139.726901
4749,和戸,36.039562,139.701156
4750,鷲宮,36.09626,139.656945
4751,花崎,36.109891,139.633522
4752,加須,36.122992,139.595584
4753,南羽生,36.14959,139.55696
4754,羽生,36.170345,139.533949
4755,川俣,36.208778,139.52652
4756,茂林寺前,36.226331,139.527058
4757,館林,36.246606,139.527811
4758,多々良,36.273732,139.500179
4759,県,36.290615,139.472336
4760,福居,36.305208,139.458634
4761,東武和泉,36.315595,139.45509
4762,足利市,36.32948,139.448113
4763,野州山辺,36.32633,139.431981
4764,韮川,36.307913,139.401704
4765,太田(群馬),36.294228,139.378779
4766,細谷(群馬),36.282523,139.348509
4767,木崎,36.271393,139.312988
4768,世良田,36.272931,139.282038
4769,境町,36.277191,139.256177
4770,剛志,36.295428,139.223792
4771,新伊勢崎,36.318052,139.201816
4772,杉戸高野台,36.051536,139.714582
4773,幸手,36.074297,139.714937
4774,南栗橋,36.113157,139.713004
4775,新古河,36.192686,139.686904
4776,柳生,36.206756,139.659645
4777,板倉東洋大前,36.222404,139.648493
4778,藤岡,36.255628,139.64555
4779,静和,36.31651,139.684864
4780,新大平下,36.339024,139.701886
4781,新栃木,36.390149,139.742308
4782,合戦場,36.407647,139.741057
4783,家中,36.429783,139.747344
4784,東武金崎,36.466288,139.749468
4785,楡木,36.507497,139.745164
4786,樅山,36.532667,139.741875
4787,新鹿沼,36.556998,139.74478
4788,北鹿沼,36.580811,139.737646
4789,板荷,36.619476,139.707739
4790,下小代,36.651303,139.713849
4791,明神,36.676566,139.712301
4792,下今市,36.72563,139.692666
4793,上今市,36.727962,139.681026
4794,北大宮,35.91716,139.624726
4795,大宮公園,35.92374,139.632903
4796,大和田(埼玉),35.929359,139.65051
4797,七里,35.936464,139.665948
4798,岩槻,35.950239,139.693197
4799,東岩槻,35.963273,139.712192
4800,豊春,35.968014,139.72601
4801,八木崎,35.978376,139.741785
4802,藤の牛島,35.98026,139.778038
4803,南桜井(埼玉),35.980441,139.807988
4804,川間,35.979172,139.83385
4805,七光台,35.970884,139.852906
4806,清水公園,35.959364,139.85967
4807,愛宕(千葉),35.950154,139.864817
4808,野田市,35.943652,139.870728
4809,梅郷,35.931575,139.891086
4810,運河,35.914392,139.906063
4811,江戸川台,35.897344,139.91045
4812,初石,35.883783,139.917861
4813,流山おおたかの森,35.872051,139.925898
4814,豊四季,35.86657,139.93929
4815,新柏,35.838128,139.966994
4816,増尾,35.829704,139.976604
4817,逆井,35.823336,139.983812
4818,高柳,35.808211,139.998936
4819,六実,35.793715,139.999195
4820,新鎌ヶ谷,35.780221,139.999455
4821,鎌ヶ谷,35.763765,139.997266
4822,馬込沢,35.741586,139.992199
4823,塚田,35.722102,139.982859
4824,新船橋,35.710993,139.979765
4825,小村井,35.710316,139.827595
4826,東あずま,35.707067,139.831883
4827,亀戸水神,35.699976,139.833422
4828,大師前,35.778989,139.781647
4829,一本松(埼玉),35.94008,139.370062
4830,西大家,35.931698,139.356321
4831,川角,35.937438,139.346426
4832,武州長瀬,35.942023,139.325561
4833,東毛呂,35.947058,139.315303
4834,武州唐沢,35.952127,139.30912
4835,野州平川,36.401554,139.753764
4836,野州大塚,36.408759,139.772574
4837,壬生,36.422472,139.80496
4838,国谷,36.451442,139.823824
4839,おもちゃのまち,36.466774,139.829506
4840,安塚,36.485678,139.835572
4841,西川田,36.514227,139.850247
4842,江曽島,36.530951,139.860818
4843,南宇都宮,36.543783,139.872017
4844,東武宇都宮,36.559373,139.880427
4845,大谷向,36.73224,139.691916
4846,大桑(栃木),36.76079,139.713546
4847,新高徳,36.779816,139.710623
4848,小佐越,36.802252,139.706465
4849,東武ワールドスクウェア,36.808594,139.709155
4850,鬼怒川温泉,36.822622,139.716552
4851,鬼怒川公園,36.841,139.72287
4852,新藤原,36.852505,139.732963
4853,渡瀬(群馬),36.261807,139.537515
4854,田島,36.290229,139.564943
4855,佐野市,36.306153,139.57583
4856,堀米,36.328467,139.580279
4857,吉水,36.345621,139.579337
4858,田沼,36.367094,139.581919
4859,多田(栃木),36.37809,139.592984
4860,葛生,36.397937,139.609207
4861,三枚橋,36.313369,139.354938
4862,治良門橋,36.333039,139.341328
4863,藪塚,36.358737,139.315737
4864,阿左美,36.387339,139.308854
4865,新桐生,36.39505,139.320078
4866,相老,36.410261,139.304178
4867,赤城,36.425615,139.276784
4868,成島(群馬),36.249171,139.505682
4869,本中野,36.25843,139.469546
4870,篠塚,36.256788,139.446077
4871,東小泉,36.259696,139.428456
4872,小泉町(群馬),36.261562,139.42021
4873,西小泉,36.258712,139.408525
4874,竜舞,36.278894,139.409002
4875,椎名町,35.726572,139.694363
4876,東長崎,35.73003,139.683294
4877,江古田,35.737557,139.672814
4878,桜台(東京),35.738797,139.662602
4879,練馬,35.737893,139.654368
4880,中村橋,35.736767,139.637456
4881,富士見台,35.735867,139.62969
4882,練馬高野台,35.740622,139.616749
4883,石神井公園,35.743563,139.606981
4884,大泉学園,35.749406,139.586732
4885,保谷,35.748222,139.567753
4886,ひばりヶ丘,35.751485,139.545852
4887,東久留米,35.760445,139.533739
4888,清瀬,35.772221,139.519917
4889,秋津,35.778614,139.496539
4890,所沢,35.786627,139.473324
4891,西所沢,35.789303,139.455959
4892,小手指,35.800535,139.438016
4893,狭山ヶ丘,35.810445,139.416975
4894,武蔵藤沢,35.820963,139.412736
4895,稲荷山公園,35.845112,139.39842
4896,入間市,35.842904,139.390294
4897,仏子,35.83769,139.360115
4898,元加治,35.84058,139.345316
4899,飯能,35.851189,139.318824
4900,高麗,35.881982,139.304414
4901,武蔵横手,35.885256,139.280667
4902,東吾野,35.892439,139.260281
4903,吾野,35.908502,139.226787
4904,西吾野,35.927082,139.202425
4905,正丸,35.938324,139.181521
4906,芦ヶ久保,35.976505,139.135982
4907,横瀬,35.985548,139.097818
4908,西武秩父,35.990061,139.083548
4909,小竹向原,35.743803,139.678572
4910,新桜台,35.74077,139.6683
4911,豊島園,35.742054,139.647979
4912,下山口,35.77941,139.441097
4913,西武球場前,35.77093,139.41966
4914,多摩湖,35.765881,139.442747
4915,西武園ゆうえんち,35.769042,139.440166
4916,西武新宿,35.696254,139.7
4917,下落合,35.715846,139.695391
4918,中井,35.715106,139.686967
4919,新井薬師前,35.715778,139.672582
4920,沼袋,35.719458,139.663841
4921,野方,35.719658,139.652733
4922,都立家政,35.722313,139.644839
4923,鷺ノ宮,35.722605,139.63892
4924,下井草,35.723852,139.624688
4925,井荻,35.72469,139.615303
4926,上井草,35.725326,139.602937
4927,上石神井,35.726189,139.592266
4928,武蔵関,35.7276,139.576417
4929,東伏見,35.728761,139.563529
4930,西武柳沢,35.728621,139.552477
4931,田無,35.727307,139.539259
4932,花小金井,35.726129,139.513228
4933,小平,35.736963,139.488491
4934,久米川,35.749575,139.472653
4935,東村山,35.76006,139.465839
4936,航空公園,35.798272,139.465641
4937,新所沢,35.805854,139.457069
4938,入曽,35.832481,139.427304
4939,狭山市,35.856936,139.413015
4940,新狭山,35.873993,139.433499
4941,南大塚,35.889663,139.454189
4942,本川越,35.913524,139.481125
4943,萩山,35.740759,139.476903
4944,小川(東京),35.737573,139.463493
4945,東大和市,35.732829,139.434249
4946,玉川上水,35.731751,139.418435
4947,武蔵砂川,35.728876,139.392319
4948,西武立川,35.7262,139.370124
4949,西武園,35.767684,139.448904
4950,恋ヶ窪,35.711385,139.463944
4951,鷹の台,35.723097,139.461155
4952,一橋学園,35.72217,139.480039
4953,青梅街道,35.73098,139.476628
4954,八坂(東京),35.744925,139.467676
4955,武蔵大和,35.756427,139.444008
4956,新小金井,35.695908,139.526603
4957,多磨,35.676821,139.51713
4958,白糸台,35.666517,139.509862
4959,競艇場前,35.656232,139.499721
4960,是政,35.656242,139.488592
4961,京成上野,35.711232,139.773571
4962,新三河島,35.73714,139.773834
4963,町屋,35.742354,139.781499
4964,町屋駅前,35.74275,139.781145
4965,千住大橋,35.74243,139.796934
4966,堀切菖蒲園,35.747649,139.827545
4967,お花茶屋,35.747585,139.83988
4968,青砥,35.745883,139.856292
4969,京成高砂,35.750932,139.866875
4970,京成小岩,35.742158,139.88371
4971,江戸川,35.737723,139.896226
4972,国府台,35.736301,139.90322
4973,市川真間,35.73121,139.911717
4974,菅野,35.728272,139.919413
4975,鬼越,35.719776,139.937932
4976,京成中山,35.716998,139.944203
4977,東中山,35.714385,139.952683
4978,京成西船,35.711627,139.958863
4979,海神,35.705888,139.971888
4980,大神宮下,35.693945,139.991431
4981,船橋競馬場,35.689606,139.997998
4982,谷津,35.685257,140.007658
4983,京成津田沼,35.68364,140.024823
4984,京成大久保,35.686016,140.048629
4985,実籾,35.686852,140.068289
4986,八千代台,35.701465,140.090942
4987,京成大和田,35.712309,140.108578
4988,勝田台,35.715445,140.126053
4989,東葉勝田台,35.716909,140.125725
4990,志津,35.717406,140.144982
4991,ユーカリが丘,35.721801,140.156354
4992,京成臼井,35.730017,140.180796
4993,京成佐倉,35.725205,140.229633
4994,大佐倉,35.729908,140.25079
4995,京成酒々井,35.736867,140.270132
4996,宗吾参道,35.752669,140.280975
4997,公津の杜,35.760446,140.294904
4998,東成田,35.770091,140.387225
4999,京成曳舟,35.718441,139.820012
5000,八広,35.727687,139.828738
5001,四ツ木,35.731962,139.834918
5002,京成立石,35.738281,139.848558
5003,柴又,35.756323,139.875188
5004,検見川,35.652512,140.066656
5005,京成稲毛,35.637783,140.085505
5006,みどり台,35.624994,140.097413
5007,西登戸,35.617615,140.102801
5008,新千葉,35.612455,140.108557
5009,千葉中央,35.607354,140.117809
5010,千葉寺,35.590311,140.132236
5011,大森台,35.584126,140.149398
5012,学園前(千葉),35.560364,140.158416
5013,おゆみ野,35.550029,140.166264
5014,ちはら台,35.534017,140.17029
5015,千葉ニュータウン中央,35.800175,140.116159
5016,印旛日本医大,35.787512,140.203112
5017,成田湯川,35.799657,140.291078
5018,笹塚,35.673758,139.667251
5019,代田橋,35.671092,139.659413
5020,明大前,35.668758,139.650352
5021,下高井戸,35.66615,139.641372
5022,桜上水,35.66768,139.63129
5023,上北沢,35.668857,139.62329
5024,八幡山,35.669982,139.614927
5025,芦花公園,35.670479,139.608247
5026,千歳烏山,35.667921,139.60067
5027,仙川,35.662257,139.584908
5028,つつじヶ丘,35.657936,139.575103
5029,柴崎,35.653997,139.56658
5030,国領,35.650087,139.558036
5031,布田,35.649904,139.551557
5032,調布,35.652181,139.543988
5033,西調布,35.657169,139.529822
5034,飛田給,35.660121,139.523666
5035,武蔵野台,35.664159,139.511289
5036,多磨霊園,35.666197,139.502615
5037,東府中,35.668766,139.495257
5038,府中(東京),35.672245,139.4799
5039,中河原,35.659549,139.457602
5040,聖蹟桜ヶ丘,35.650814,139.446979
5041,百草園,35.657362,139.431285
5042,高幡不動,35.662361,139.412953
5043,南平,35.654559,139.392008
5044,平山城址公園,35.647371,139.379926
5045,長沼(東京),35.642788,139.365849
5046,北野(東京),35.644479,139.354489
5047,京王八王子,35.657416,139.343851
5048,京王多摩川,35.644499,139.536606
5049,京王稲田堤,35.633895,139.531099
5050,京王よみうりランド,35.632934,139.517597
5051,稲城,35.636166,139.500398
5052,若葉台,35.619325,139.472189
5053,京王永山,35.630102,139.448204
5054,小田急永山,35.629972,139.447943
5055,京王多摩センター,35.62518,139.42402
5056,小田急多摩センター,35.624902,139.424298
5057,多摩センター,35.623724,139.422782
5058,京王堀之内,35.624438,139.400314
5059,南大沢,35.6141,139.3798
5060,多摩境,35.601826,139.366987
5061,京王片倉,35.644343,139.337035
5062,山田(東京),35.644411,139.321082
5063,めじろ台,35.643601,139.308446
5064,狭間,35.640637,139.293808
5065,高尾山口,35.632377,139.269856
5066,府中競馬正門前,35.668288,139.485019
5067,多摩動物公園,35.649215,139.404627
5068,神泉,35.657244,139.693579
5069,駒場東大前,35.65868,139.684308
5070,池ノ上,35.660402,139.67344
5071,下北沢,35.661539,139.66691
5072,新代田,35.662593,139.660524
5073,東松原,35.662634,139.655535
5074,永福町,35.67629,139.642733
5075,西永福,35.678918,139.634936
5076,浜田山,35.681603,139.627528
5077,高井戸,35.683253,139.615115
5078,富士見ヶ丘,35.684805,139.607072
5079,久我山,35.688138,139.599211
5080,三鷹台,35.692046,139.589298
5081,井の頭公園,35.697304,139.583112
5082,初台,35.68123,139.686354
5083,幡ヶ谷,35.677061,139.676183
5084,南新宿,35.683483,139.69867
5085,参宮橋,35.678586,139.693568
5086,代々木八幡,35.669715,139.688913
5087,代々木公園,35.669187,139.689099
5088,代々木上原,35.669159,139.680153
5089,東北沢,35.665379,139.673014
5090,世田谷代田,35.65834,139.661557
5091,梅ヶ丘,35.656024,139.653628
5092,豪徳寺,35.653807,139.647381
5093,山下(東京),35.653844,139.646509
5094,経堂,35.650991,139.635993
5095,千歳船橋,35.647616,139.624544
5096,祖師ヶ谷大蔵,35.643236,139.609659
5097,成城学園前,35.640114,139.598958
5098,喜多見,35.636697,139.587445
5099,狛江,35.632001,139.577127
5100,和泉多摩川,35.627349,139.573695
5101,向ヶ丘遊園,35.617273,139.564719
5102,生田(神奈川),35.614954,139.542024
5103,読売ランド前,35.614723,139.527903
5104,百合ヶ丘,35.60903,139.516121
5105,新百合ヶ丘,35.603705,139.507608
5106,柿生,35.589597,139.497614
5107,鶴川,35.583077,139.481759
5108,玉川学園前,35.563486,139.463388
5109,相模大野,35.532208,139.437836
5110,小田急相模原,35.515134,139.422571
5111,相武台前,35.499294,139.408509
5112,座間,35.480913,139.399899
5113,本厚木,35.439338,139.364261
5114,愛甲石田,35.417634,139.344098
5115,伊勢原,35.396081,139.313768
5116,鶴巻温泉,35.381131,139.277813
5117,東海大学前,35.373151,139.271236
5118,秦野,35.370075,139.226009
5119,渋沢,35.374032,139.184405
5120,新松田,35.345082,139.139848
5121,開成,35.326532,139.135785
5122,栢山,35.310679,139.14258
5123,富水,35.296759,139.145166
5124,螢田,35.285055,139.152036
5125,足柄(神奈川),35.271763,139.15447
5126,東林間,35.520541,139.438883
5127,中央林間,35.508066,139.444105
5128,南林間,35.495627,139.447911
5129,鶴間,35.49057,139.450572
5130,大和(神奈川),35.46965,139.461553
5131,桜ヶ丘,35.450486,139.465734
5132,高座渋谷,35.432519,139.464854
5133,長後,35.41261,139.465307
5134,湘南台,35.396488,139.466451
5135,六会日大前,35.383761,139.470665
5136,善行,35.36285,139.473199
5137,藤沢本町,35.348188,139.476046
5138,本鵠沼,35.331129,139.475412
5139,鵠沼海岸,35.320744,139.47121
5140,片瀬江ノ島,35.309345,139.482934
5141,五月台,35.600174,139.493542
5142,栗平,35.605731,139.481298
5143,黒川(神奈川),35.613203,139.470731
5144,はるひ野,35.618885,139.464534
5145,唐木田,35.616672,139.411622
5146,代官山,35.648193,139.703284
5147,中目黒,35.643854,139.698621
5148,祐天寺,35.637163,139.690758
5149,学芸大学,35.628786,139.68522
5150,都立大学,35.617835,139.676393
5151,自由が丘,35.607224,139.668664
5152,田園調布,35.596815,139.667356
5153,多摩川,35.589591,139.668723
5154,新丸子,35.58049,139.661964
5155,元住吉,35.565698,139.654668
5156,日吉(神奈川),35.5539,139.646944
5157,綱島,35.536906,139.63491
5158,大倉山(神奈川),35.52243,139.629808
5159,妙蓮寺,35.498779,139.633194
5160,白楽,35.489555,139.627875
5161,東白楽,35.483523,139.629364
5162,反町,35.47474,139.625337
5163,不動前,35.626526,139.71469
5164,武蔵小山,35.620538,139.704524
5165,西小山,35.615455,139.698694
5166,洗足,35.61043,139.694367
5167,大岡山,35.607456,139.685909
5168,奥沢,35.603947,139.672355
5169,池尻大橋,35.650603,139.684319
5170,三軒茶屋,35.643716,139.670156
5171,駒沢大学,35.633471,139.661702
5172,桜新町,35.631666,139.644779
5173,用賀,35.626436,139.633928
5174,二子玉川,35.611788,139.626685
5175,二子新地,35.606994,139.622338
5176,高津(神奈川),35.603248,139.616934
5177,梶が谷,35.593963,139.605885
5178,宮崎台,35.587228,139.591313
5179,宮前平,35.584951,139.581983
5180,鷺沼,35.579762,139.573268
5181,たまプラーザ,35.577427,139.558447
5182,あざみ野,35.568645,139.553462
5183,江田(神奈川),35.558671,139.551518
5184,市が尾,35.551483,139.541496
5185,藤が丘(神奈川),35.543454,139.527655
5186,青葉台,35.542855,139.517376
5187,田奈,35.536204,139.504855
5188,つくし野,35.527559,139.485139
5189,すずかけ台,35.517094,139.481684
5190,南町田グランベリーパーク,35.511502,139.470318
5191,つきみ野,35.510546,139.458651
5192,下神明,35.608704,139.726256
5193,戸越公園,35.608856,139.718159
5194,中延,35.60571,139.712526
5195,荏原町,35.60382,139.707571
5196,旗の台,35.604923,139.702286
5197,北千束,35.606311,139.693303
5198,緑が丘(東京),35.60638,139.679482
5199,九品仏,35.60538,139.660992
5200,尾山台,35.606971,139.653862
5201,等々力,35.608369,139.647938
5202,上野毛,35.611957,139.638917
5203,大崎広小路,35.622244,139.722339
5204,戸越銀座,35.615928,139.714862
5205,戸越,35.614633,139.716495
5206,荏原中延,35.610056,139.712196
5207,長原(東京),35.60219,139.697881
5208,洗足池,35.599648,139.690896
5209,石川台,35.596888,139.685063
5210,雪が谷大塚,35.592038,139.681083
5211,御嶽山,35.585236,139.682473
5212,久が原,35.579499,139.685678
5213,千鳥町,35.572983,139.69142
5214,池上,35.572025,139.702822
5215,蓮沼,35.564173,139.708544
5216,沼部,35.582526,139.67326
5217,鵜の木,35.575452,139.680554
5218,下丸子,35.571397,139.685576
5219,武蔵新田,35.567806,139.692506
5220,矢口渡,35.562462,139.700389
5221,西太子堂,35.644545,139.666382
5222,若林(東京),35.645933,139.659911
5223,松陰神社前,35.643947,139.655211
5224,世田谷,35.643564,139.650945
5225,上町,35.643656,139.646276
5226,宮の坂,35.647508,139.64494
5227,松原(東京),35.660048,139.642
5228,恩田,35.545535,139.492127
5229,こどもの国(神奈川),35.558035,139.486657
5230,新綱島,35.536784,139.636071
5231,泉岳寺,35.638692,139.74002
5232,北品川,35.622458,139.739191
5233,新馬場,35.61762,139.741366
5234,青物横丁,35.609351,139.742958
5235,鮫洲,35.604977,139.742227
5236,立会川,35.598489,139.738886
5237,大森海岸,35.587576,139.73544
5238,平和島,35.57868,139.73491
5239,大森町,35.572431,139.732027
5240,梅屋敷(東京),35.566873,139.728266
5241,京急蒲田,35.560796,139.723681
5242,雑色,35.549725,139.715005
5243,六郷土手,35.540577,139.7076
5244,京急川崎,35.53285,139.700893
5245,鶴見市場,35.517594,139.68642
5246,花月総持寺,35.500358,139.672813
5247,生麦,35.4956,139.6673
5248,子安,35.484556,139.644965
5249,神奈川新町,35.481559,139.640152
5250,神奈川,35.471304,139.627364
5251,戸部,35.456631,139.61956
5252,日ノ出町,35.445524,139.626696
5253,黄金町,35.439694,139.62246
5254,南太田,35.436923,139.613408
5255,井土ヶ谷,35.433895,139.60061
5256,弘明寺(京浜急行電鉄),35.42437,139.596791
5257,上大岡,35.409418,139.596552
5258,屏風浦,35.394176,139.610387
5259,杉田(神奈川),35.383796,139.615734
5260,京急富岡,35.366743,139.629772
5261,能見台,35.360528,139.629233
5262,金沢文庫,35.342966,139.621606
5263,金沢八景,35.331223,139.62018
5264,追浜,35.315461,139.624905
5265,京急田浦,35.300892,139.625252
5266,安針塚,35.286641,139.64292
5267,逸見,35.28048,139.653149
5268,汐入,35.280241,139.662443
5269,横須賀中央,35.27858,139.670217
5270,県立大学,35.269731,139.677033
5271,堀ノ内,35.26322,139.686932
5272,京急大津,35.261068,139.695334
5273,馬堀海岸,35.259651,139.707328
5274,浦賀,35.250933,139.714999
5275,糀谷,35.5545,139.72962
5276,大鳥居,35.552531,139.739356
5277,穴守稲荷,35.550326,139.746669
5278,天空橋,35.548908,139.75423
5279,羽田空港第3ターミナル(京浜急行電鉄),35.544913,139.767217
5280,羽田空港第１-第2ターミナル,35.549809,139.785962
5281,羽田空港第１ターミナル,35.549163,139.784653
5282,羽田空港第2ターミナル,35.550734,139.787979
5283,港町,35.535014,139.712578
5284,鈴木町,35.53535,139.720655
5285,川崎大師,35.535711,139.725946
5286,東門前,35.536566,139.734298
5287,大師橋,35.536611,139.740381
5288,小島新田,35.534798,139.747575
5289,六浦,35.32269,139.611532
5290,神武寺,35.306233,139.592947
5291,逗子-葉山,35.294189,139.580359
5292,新大津,35.257013,139.69016
5293,北久里浜,35.249355,139.686368
5294,ＹＲＰ野比,35.212229,139.685068
5295,京急長沢,35.20548,139.674048
5296,津久井浜,35.198419,139.665279
5297,三浦海岸,35.188084,139.653138
5298,三崎口,35.177515,139.633207
5299,田原町(東京),35.709897,139.790897
5300,稲荷町(東京),35.711273,139.782593
5301,末広町(東京),35.702972,139.771713
5302,日本橋(東京),35.682078,139.773516
5303,京橋(東京),35.676856,139.770126
5304,宝町,35.675461,139.771767
5305,銀座,35.671989,139.763965
5306,虎ノ門,35.670236,139.749832
5307,溜池山王,35.673621,139.741419
5308,赤坂見附,35.677021,139.737047
5309,永田町,35.678757,139.740258
5310,青山一丁目,35.672765,139.724159
5311,外苑前,35.670527,139.717857
5312,表参道,35.665247,139.712314
5313,新大塚,35.72569,139.729971
5314,茗荷谷,35.716989,139.737184
5315,後楽園,35.707898,139.751864
5316,本郷三丁目,35.706671,139.759914
5317,淡路町,35.694959,139.767458
5318,小川町(東京),35.695178,139.766872
5319,大手町(東京),35.686564,139.7662
5320,霞ケ関,35.673838,139.750899
5321,国会議事堂前,35.67393,139.745219
5322,四谷三丁目,35.687958,139.720103
5323,新宿御苑前,35.688588,139.71069
5324,新宿三丁目,35.690847,139.704895
5325,西新宿,35.694298,139.692778
5326,中野坂上,35.69792,139.68291
5327,新中野,35.697491,139.66903
5328,東高円寺,35.697802,139.657822
5329,新高円寺,35.697985,139.648068
5330,南阿佐ケ谷,35.699624,139.63576
5331,中野新橋,35.692123,139.673997
5332,中野富士見町,35.690514,139.666933
5333,方南町,35.683496,139.656498
5334,三ノ輪,35.729623,139.791485
5335,入谷(東京),35.719862,139.783924
5336,小伝馬町,35.690737,139.778433
5337,人形町,35.686307,139.782285
5338,茅場町,35.679752,139.780005
5339,築地,35.668115,139.772603
5340,東銀座,35.669464,139.767253
5341,日比谷,35.67459,139.76017
5342,虎ノ門ヒルズ,35.667409,139.747758
5343,神谷町,35.662978,139.745069
5344,六本木,35.662836,139.731443
5345,広尾,35.652279,139.722202
5346,落合(東京),35.710976,139.687284
5347,早稲田(東京メトロ),35.705723,139.721319
5348,神楽坂,35.70379,139.734546
5349,九段下,35.695589,139.751948
5350,竹橋,35.690662,139.756817
5351,門前仲町,35.671851,139.796209
5352,木場,35.669351,139.807042
5353,東陽町,35.669629,139.817596
5354,南砂町,35.668796,139.83065
5355,西葛西,35.664631,139.859259
5356,葛西,35.663554,139.872458
5357,浦安(千葉),35.665932,139.893193
5358,南行徳,35.672687,139.902311
5359,行徳,35.682686,139.914254
5360,妙典,35.690935,139.924209
5361,原木中山,35.703517,139.942029
5362,北綾瀬,35.777117,139.832035
5363,千駄木,35.725549,139.763243
5364,根津,35.7174,139.765655
5365,湯島,35.708243,139.769916
5366,二重橋前,35.681071,139.761948
5367,赤坂(東京),35.67323,139.738348
5368,乃木坂,35.666572,139.726215
5369,平和台(東京),35.757863,139.653762
5370,氷川台,35.74955,139.665567
5371,千川,35.738229,139.689271
5372,要町,35.73323,139.698715
5373,東池袋,35.725732,139.719546
5374,東池袋四丁目,35.72528,139.720012
5375,護国寺,35.719044,139.72754
5376,江戸川橋,35.709495,139.733538
5377,麹町,35.684006,139.737613
5378,桜田門,35.677405,139.75149
5379,銀座一丁目,35.67435,139.767045
5380,新富町(東京),35.670462,139.773711
5381,月島,35.664871,139.784233
5382,豊洲,35.654908,139.79621
5383,辰巳,35.645576,139.81052
5384,半蔵門,35.685703,139.74163
5385,神保町,35.695966,139.757606
5386,水天宮前,35.682683,139.785377
5387,清澄白河,35.682105,139.798851
5388,住吉(東京),35.689073,139.815681
5389,赤羽岩淵,35.783417,139.722103
5390,志茂,35.777948,139.732599
5391,王子神谷,35.765172,139.735933
5392,西ケ原,35.746008,139.742322
5393,本駒込,35.724155,139.753828
5394,東大前,35.717633,139.758025
5395,六本木一丁目,35.665595,139.739
5396,麻布十番,35.654682,139.737051
5397,白金高輪,35.642903,139.734104
5398,白金台,35.637917,139.726133
5399,雑司が谷,35.720233,139.714795
5400,鬼子母神前,35.720403,139.714916
5401,西早稲田,35.708242,139.709101
5402,東新宿,35.698915,139.707593
5403,北参道,35.678459,139.705453
5404,平沼橋,35.460355,139.616897
5405,西横浜,35.453437,139.608745
5406,天王町,35.453984,139.602554
5407,星川(神奈川),35.458634,139.594816
5408,和田町,35.463597,139.586786
5409,上星川,35.467694,139.580078
5410,西谷,35.478092,139.565721
5411,鶴ヶ峰,35.475031,139.549586
5412,二俣川,35.463335,139.532207
5413,希望ヶ丘,35.460399,139.5143
5414,三ツ境,35.467779,139.502662
5415,瀬谷,35.470412,139.482574
5416,相模大塚,35.470666,139.441232
5417,さがみ野,35.471485,139.429055
5418,かしわ台,35.466744,139.415851
5419,南万騎が原,35.452522,139.526344
5420,緑園都市,35.439502,139.521841
5421,弥生台,35.429933,139.506615
5422,いずみ野,35.429434,139.495135
5423,いずみ中央,35.415385,139.48727
5424,ゆめが丘,35.405436,139.482192
5425,羽沢横浜国大,35.481206,139.586102
5426,伊奈,34.802857,137.354743
5427,小田渕,34.814739,137.34559
5428,国府(愛知),34.83752,137.328101
5429,御油,34.846113,137.321443
5430,名電赤坂,34.859331,137.311152
5431,名電長沢,34.871623,137.288298
5432,本宿(愛知),34.893025,137.260014
5433,名電山中,34.899474,137.242829
5434,藤川,34.913304,137.218428
5435,美合,34.923763,137.196317
5436,男川,34.937461,137.183296
5437,東岡崎,34.951904,137.167333
5438,岡崎公園前,34.954984,137.153309
5439,中岡崎,34.956231,137.152723
5440,矢作橋,34.961149,137.139957
5441,宇頭,34.971367,137.118103
5442,新安城,34.986885,137.085443
5443,牛田(愛知),34.999294,137.060946
5444,知立,35.006198,137.039628
5445,一ツ木,35.01367,137.02551
5446,富士松,35.029759,137.016508
5447,豊明,35.041127,137.008161
5448,前後,35.05227,136.995665
5449,中京競馬場前,35.061302,136.98158
5450,有松,35.067687,136.971084
5451,左京山,35.070553,136.960301
5452,鳴海,35.079149,136.950096
5453,本星崎,35.087392,136.937378
5454,本笠寺,35.099199,136.933409
5455,桜(愛知),35.106062,136.934586
5456,呼続,35.114722,136.930387
5457,堀田(名古屋鉄道),35.120251,136.919839
5458,神宮前,35.125857,136.912485
5459,山王(愛知),35.15233,136.888461
5460,栄生,35.183687,136.873051
5461,東枇杷島,35.189808,136.870168
5462,西枇杷島,35.195015,136.865685
5463,二ツ杁,35.194646,136.859583
5464,新川橋,35.195701,136.851989
5465,須ヶ口,35.198684,136.846229
5466,丸ノ内,35.204742,136.841927
5467,新清洲,35.211249,136.835607
5468,大里,35.226216,136.818428
5469,奥田,35.235412,136.810917
5470,国府宮,35.254218,136.802963
5471,島氏永,35.270777,136.800987
5472,妙興寺,35.287178,136.798231
5473,今伊勢,35.31836,136.789273
5474,石刀,35.326204,136.785407
5475,新木曽川,35.342047,136.779421
5476,黒田(愛知),35.350213,136.777502
5477,木曽川堤,35.365067,136.770486
5478,笠松,35.37466,136.764664
5479,岐南,35.389716,136.769165
5480,茶所,35.402048,136.768917
5481,加納(岐阜),35.405209,136.765984
5482,名鉄岐阜,35.411136,136.760066
5483,八幡(愛知),34.82916,137.352113
5484,諏訪町,34.823464,137.370479
5485,稲荷口,34.818435,137.387703
5486,北安城,34.964677,137.092146
5487,南安城,34.951976,137.092457
5488,碧海古井,34.93723,137.090863
5489,堀内公園,34.927834,137.089636
5490,桜井(愛知),34.917477,137.088345
5491,南桜井(愛知),34.906302,137.07721
5492,米津,34.892822,137.060993
5493,桜町前,34.880107,137.062444
5494,西尾口,34.870647,137.062661
5495,西尾,34.863917,137.057789
5496,福地,34.844663,137.048579
5497,上横須賀,34.829941,137.071883
5498,吉良吉田,34.794043,137.071017
5499,三河鳥羽,34.793214,137.104984
5500,西幡豆,34.792431,137.121271
5501,東幡豆,34.789693,137.145645
5502,こどもの国(愛知),34.788791,137.162721
5503,西浦,34.79003,137.178617
5504,形原,34.798607,137.184594
5505,三河鹿島,34.813313,137.189687
5506,碧南,34.874041,136.985613
5507,碧南中央,34.887395,136.989476
5508,新川町(愛知),34.896619,136.990312
5509,北新川,34.906018,136.992475
5510,高浜港,34.921536,136.989391
5511,三河高浜,34.930796,136.989954
5512,吉浜(愛知),34.946327,136.98919
5513,小垣江,34.9639,136.995455
5514,刈谷市,34.984803,136.993844
5515,重原,34.994824,137.023727
5516,三河知立,35.005741,137.0555
5517,三河八橋,35.010913,137.077147
5518,若林(愛知),35.026284,137.095851
5519,竹村,35.040067,137.11476
5520,土橋(愛知),35.058179,137.129572
5521,上挙母,35.071854,137.154453
5522,豊田市,35.087305,137.156227
5523,梅坪,35.099654,137.162206
5524,越戸,35.10769,137.180178
5525,平戸橋,35.114628,137.184725
5526,猿投,35.122613,137.178739
5527,上豊田,35.116168,137.15535
5528,浄水,35.121298,137.137186
5529,三好ヶ丘,35.126918,137.111219
5530,黒笹,35.127681,137.091365
5531,米野木,35.123728,137.06702
5532,日進(愛知),35.118378,137.04878
5533,赤池(愛知),35.121097,137.017978
5534,常滑,34.891167,136.834992
5535,りんくう常滑,34.87967,136.828164
5536,中部国際空港,34.859262,136.816382
5537,豊田本町,35.113586,136.910877
5538,道徳,35.105712,136.909409
5539,大江(愛知),35.093258,136.912758
5540,大同町,35.080268,136.909314
5541,柴田,35.072774,136.909126
5542,名和(愛知),35.060914,136.911709
5543,聚楽園,35.042857,136.90304
5544,新日鉄前,35.035161,136.899491
5545,太田川,35.020221,136.892504
5546,尾張横須賀,35.010132,136.885655
5547,寺本,35.000191,136.875498
5548,朝倉(愛知),34.993858,136.863419
5549,古見(愛知),34.987809,136.856673
5550,長浦(愛知),34.978432,136.847808
5551,日長,34.96162,136.832152
5552,新舞子,34.949689,136.828669
5553,大野町,34.935441,136.827641
5554,西ノ口,34.926759,136.82663
5555,蒲池(愛知),34.915408,136.825536
5556,榎戸(愛知),34.90489,136.82822
5557,多屋,34.896983,136.830695
5558,高横須賀,35.009608,136.893696
5559,加木屋中ノ池,35.000014,136.902462
5560,南加木屋,34.989216,136.906853
5561,八幡新田,34.973674,136.912578
5562,巽ヶ丘,34.962265,136.915556
5563,白沢(愛知),34.955219,136.91537
5564,坂部,34.941579,136.916562
5565,阿久比,34.931256,136.918517
5566,植大,34.917457,136.923448
5567,半田口,34.909111,136.925462
5568,住吉町,34.902042,136.925684
5569,知多半田,34.893931,136.925954
5570,成岩,34.886209,136.921879
5571,青山(愛知),34.878132,136.917
5572,上ゲ,34.858389,136.916403
5573,知多武豊,34.850732,136.916439
5574,富貴,34.828823,136.917043
5575,河和口,34.797805,136.918618
5576,河和,34.777771,136.912528
5577,上野間,34.807284,136.866854
5578,美浜緑苑,34.80028,136.863063
5579,知多奥田,34.787617,136.864488
5580,野間,34.7723,136.860683
5581,内海(愛知),34.744631,136.875544
5582,東名古屋港,35.089091,136.899255
5583,栄町(愛知),35.170567,136.908962
5584,栄(愛知),35.16999,136.908031
5585,東大手,35.183727,136.908376
5586,清水(愛知),35.187152,136.913814
5587,尼ヶ坂,35.187957,136.91928
5588,森下(愛知),35.188299,136.929657
5589,矢田(愛知),35.193699,136.947802
5590,守山自衛隊前,35.196258,136.957843
5591,守山(愛知),35.197431,136.956639
5592,瓢箪山(愛知),35.197222,136.965048
5593,小幡,35.200216,136.975769
5594,喜多山(愛知),35.205099,136.987735
5595,大森-金城学院前,35.206934,136.996465
5596,印場,35.211085,137.011132
5597,旭前,35.214162,137.019706
5598,尾張旭,35.216743,137.036393
5599,三郷(愛知),35.216258,137.052352
5600,水野,35.224296,137.069659
5601,新瀬戸,35.225485,137.077639
5602,瀬戸市,35.225921,137.078452
5603,瀬戸市役所前,35.224986,137.084177
5604,尾張瀬戸,35.225094,137.09727
5605,甚目寺,35.195953,136.825492
5606,七宝,35.195775,136.806413
5607,木田,35.195328,136.787865
5608,青塚,35.198674,136.76708
5609,勝幡,35.195143,136.750082
5610,藤浪,35.188911,136.738766
5611,津島,35.177982,136.730995
5612,五ノ三,35.129838,136.711464
5613,佐屋,35.147552,136.716612
5614,日比野(名古屋鉄道),35.163258,136.728351
5615,町方,35.18898,136.727551
5616,六輪,35.202395,136.729306
5617,渕高,35.213944,136.727256
5618,丸渕,35.222635,136.728991
5619,上丸渕,35.233809,136.732521
5620,森上,35.247229,136.736698
5621,山崎(愛知),35.256548,136.739372
5622,玉野,35.266327,136.747982
5623,萩原(愛知),35.277157,136.757703
5624,二子,35.283986,136.766268
5625,苅安賀,35.287194,136.778275
5626,観音寺(愛知),35.289716,136.786191
5627,西一宮,35.307603,136.791948
5628,開明,35.31926,136.7741
5629,奥町,35.32434,136.761092
5630,玉ノ井,35.334887,136.757968
5631,下小田井,35.201878,136.870638
5632,中小田井,35.214647,136.876772
5633,上小田井,35.223482,136.876941
5634,西春,35.244627,136.871235
5635,徳重-名古屋芸大,35.256045,136.873384
5636,大山寺,35.263508,136.874748
5637,岩倉(愛知),35.277972,136.873511
5638,石仏,35.295545,136.871144
5639,布袋,35.317135,136.872987
5640,江南(愛知),35.33475,136.872109
5641,柏森,35.344807,136.900181
5642,扶桑,35.359557,136.91597
5643,木津用水,35.366914,136.925977
5644,犬山口,35.374212,136.939945
5645,犬山,35.379871,136.945536
5646,犬山遊園,35.390331,136.946894
5647,鵜沼宿,35.400015,136.932567
5648,羽場(岐阜),35.40119,136.921535
5649,苧ヶ瀬,35.403273,136.912266
5650,二十軒,35.400098,136.889307
5651,三柿野,35.400156,136.876084
5652,六軒(岐阜),35.40105,136.861554
5653,各務原市役所前,35.400869,136.847067
5654,市民公園前,35.400572,136.841829
5655,新加納,35.39938,136.824414
5656,高田橋,35.398383,136.811488
5657,手力,35.398269,136.804472
5658,切通,35.400257,136.79564
5659,細畑,35.401637,136.785141
5660,田神,35.411261,136.772189
5661,富岡前,35.379508,136.962112
5662,善師野,35.389744,136.980027
5663,西可児,35.404685,137.010616
5664,可児川,35.41812,137.01847
5665,日本ライン今渡,35.432302,137.036818
5666,明智(名古屋鉄道),35.433208,137.087295
5667,顔戸,35.434522,137.105154
5668,御嵩口,35.431281,137.121741
5669,御嵩,35.429723,137.127527
5670,上飯田,35.203845,136.929642
5671,味鋺,35.222478,136.936113
5672,味美(名古屋鉄道),35.235209,136.937134
5673,春日井(名古屋鉄道),35.25035,136.936228
5674,牛山,35.264014,136.931356
5675,間内,35.271585,136.9312
5676,小牧口,35.281717,136.927675
5677,小牧,35.28915,136.928461
5678,小牧原,35.300145,136.935836
5679,味岡,35.309301,136.940304
5680,田県神社前,35.317422,136.943675
5681,楽田,35.330548,136.950101
5682,羽黒(愛知),35.351519,136.952486
5683,西笠松,35.36906,136.757901
5684,柳津(岐阜),35.365114,136.73965
5685,南宿,35.347869,136.728604
5686,須賀,35.340192,136.726805
5687,不破一色,35.332959,136.721897
5688,竹鼻,35.326734,136.706399
5689,羽島市役所前,35.321924,136.70003
5690,江吉良,35.31543,136.699686
5691,新羽島,35.315471,136.686582
5692,大阪難波,34.667113,135.499144
5693,なんば,34.666316,135.500277
5694,近鉄日本橋,34.666949,135.505818
5695,日本橋(大阪),34.667146,135.506635
5696,大阪上本町,34.665513,135.522189
5697,今里(近畿日本鉄道),34.664788,135.549917
5698,布施,34.664092,135.563516
5699,大和西大寺,34.69358,135.783169
5700,尼ヶ辻,34.681109,135.783519
5701,西ノ京,34.670652,135.783186
5702,九条(奈良),34.659523,135.782894
5703,近鉄郡山,34.646041,135.780756
5704,筒井(奈良),34.620152,135.78067
5705,平端,34.606712,135.782804
5706,ファミリー公園前,34.597968,135.784987
5707,結崎,34.584586,135.784782
5708,石見,34.571499,135.785765
5709,田原本,34.553068,135.790837
5710,西田原本,34.553909,135.789512
5711,笠縫,34.541422,135.794076
5712,新ノ口,34.525332,135.794631
5713,大和八木,34.513208,135.791484
5714,八木西口,34.509309,135.790707
5715,畝傍御陵前,34.492758,135.794254
5716,橿原神宮前,34.483987,135.79434
5717,河堀口,34.641166,135.524237
5718,北田辺,34.632184,135.528934
5719,今川(大阪),34.626226,135.531148
5720,針中野,34.616969,135.533078
5721,矢田(大阪),34.605926,135.532942
5722,河内天美,34.585823,135.535509
5723,布忍,34.577824,135.539415
5724,高見ノ里,34.575232,135.546189
5725,河内松原,34.575563,135.557097
5726,恵我ノ荘,34.573591,135.572751
5727,高鷲,34.571602,135.584503
5728,藤井寺,34.571669,135.594046
5729,土師ノ里,34.571603,135.615622
5730,道明寺,34.56834,135.620399
5731,古市(大阪),34.55416,135.609092
5732,駒ヶ谷,34.545751,135.621999
5733,上ノ太子,34.532974,135.637634
5734,二上山,34.53907,135.685974
5735,二上神社口,34.532104,135.69414
5736,当麻寺,34.516412,135.705897
5737,磐城,34.511302,135.710869
5738,尺土,34.508577,135.721404
5739,高田市,34.507145,135.742119
5740,浮孔,34.498077,135.754749
5741,坊城,34.493577,135.764876
5742,橿原神宮西口,34.486187,135.781372
5743,播磨,35.078242,136.674595
5744,下深谷,35.096179,136.661818
5745,下野代,35.115899,136.647235
5746,多度,35.133855,136.640594
5747,美濃松山,35.160724,136.632644
5748,石津(岐阜),35.181032,136.627765
5749,美濃山崎,35.198658,136.621595
5750,駒野,35.22385,136.603389
5751,美濃津屋,35.251532,136.566651
5752,養老,35.28693,136.556739
5753,美濃高田,35.309074,136.563602
5754,烏江,35.305346,136.592258
5755,大外羽,35.315092,136.597382
5756,友江,35.326501,136.600672
5757,美濃青柳,35.343591,136.603797
5758,西大垣,35.360298,136.603363
5759,室,35.367272,136.606209
5760,北大垣,35.375349,136.601979
5761,東赤坂,35.39414,136.600971
5762,広神戸,35.419651,136.602096
5763,北神戸,35.430013,136.59441
5764,池野,35.436512,136.578712
5765,北池野,35.44335,136.573673
5766,美濃本郷,35.449874,136.571826
5767,揖斐,35.470314,136.572536
5768,長瀬,34.64988,135.577612
5769,弥刀,34.641337,135.583412
5770,久宝寺口,34.634593,135.590548
5771,近鉄八尾,34.62978,135.603591
5772,河内山本,34.627892,135.619317
5773,高安,34.619376,135.624403
5774,恩智,34.609747,135.626308
5775,法善寺,34.595176,135.626331
5776,堅下,34.588246,135.627331
5777,安堂,34.580213,135.629064
5778,河内国分,34.566754,135.635684
5779,大阪教育大前,34.555366,135.645139
5780,関屋(奈良),34.553688,135.667778
5781,二上,34.546511,135.68811
5782,近鉄下田,34.541478,135.704033
5783,五位堂,34.534763,135.717937
5784,築山,34.526125,135.733036
5785,大和高田,34.519757,135.742264
5786,松塚,34.520601,135.761507
5787,真菅,34.519585,135.772806
5788,耳成,34.512409,135.815071
5789,大福,34.512851,135.829756
5790,大和朝倉,34.51602,135.868933
5791,長谷寺,34.526889,135.906453
5792,榛原,34.529887,135.954747
5793,室生口大野,34.566109,136.015252
5794,三本松(奈良),34.578571,136.035851
5795,赤目口,34.599467,136.073897
5796,名張,34.621612,136.095753
5797,桔梗が丘,34.641297,136.112639
5798,美旗,34.662989,136.133022
5799,伊賀神戸,34.673639,136.152854
5800,青山町,34.672848,136.177763
5801,伊賀上津,34.682695,136.205088
5802,西青山,34.676518,136.237988
5803,東青山,34.675599,136.321627
5804,榊原温泉口,34.67468,136.348576
5805,大三,34.664058,136.368896
5806,伊勢石橋,34.656783,136.408034
5807,伊勢中川,34.635028,136.477894
5808,新居,34.786338,136.115903
5809,西大手,34.766923,136.124675
5810,上野市,34.767654,136.129419
5811,広小路(三重),34.767054,136.134427
5812,茅町,34.761524,136.135732
5813,桑町,34.754164,136.136621
5814,猪田道,34.735424,136.140352
5815,市部,34.726245,136.148661
5816,依那古,34.715199,136.15318
5817,丸山(三重),34.704381,136.157461
5818,上林,34.694998,136.161219
5819,比土,34.675828,136.16047
5820,岡寺,34.473963,135.796088
5821,飛鳥,34.464928,135.79816
5822,壺阪山,34.449508,135.794819
5823,市尾,34.441731,135.776488
5824,葛,34.431446,135.759914
5825,薬水,34.407806,135.74323
5826,福神,34.395466,135.750185
5827,大阿太,34.388359,135.766434
5828,下市口,34.383998,135.786888
5829,越部,34.38614,135.80262
5830,六田,34.390051,135.822943
5831,大和上市,34.39572,135.845691
5832,吉野神宮,34.390191,135.848211
5833,吉野(奈良),34.376848,135.853486
5834,近鉄四日市(あすなろう四日市),34.966495,136.618352
5835,中川原,34.969242,136.602715
5836,伊勢松本,34.969772,136.590736
5837,伊勢川島,34.977688,136.566934
5838,高角,34.983287,136.554488
5839,桜(三重),34.996586,136.541611
5840,菰野,35.0087,136.517368
5841,中菰野,35.012297,136.50425
5842,大羽根園,35.012521,136.49417
5843,湯の山温泉,35.01159,136.473617
5844,伊勢中原,34.6148,136.497531
5845,松ヶ崎(三重),34.596469,136.518937
5846,東松阪,34.565543,136.546122
5847,櫛田,34.548879,136.583069
5848,漕代,34.541013,136.601001
5849,斎宮,34.537877,136.615389
5850,明星,34.531112,136.642597
5851,明野,34.521497,136.668815
5852,小俣(三重),34.512746,136.685163
5853,宮町,34.497829,136.698526
5854,宇治山田,34.488256,136.714002
5855,五十鈴川,34.476433,136.727287
5856,朝熊,34.477195,136.757357
5857,池の浦,34.479104,136.818533
5858,二階堂,34.602121,135.79553
5859,前栽,34.600996,135.816536
5860,柏原南口,34.58153,135.624956
5861,赤堀,34.95919,136.6104
5862,日永,34.95594,136.604409
5863,南日永,34.949949,136.601015
5864,泊(三重),34.940375,136.598491
5865,追分(三重),34.933931,136.596174
5866,小古曽,34.928701,136.592322
5867,内部,34.925515,136.58697
5868,西日野,34.952896,136.591163
5869,中之郷,34.479577,136.845542
5870,志摩赤崎,34.470028,136.84197
5871,船津(近畿日本鉄道),34.456974,136.841562
5872,加茂(三重),34.444164,136.846562
5873,松尾(三重),34.432726,136.840144
5874,白木,34.429218,136.831192
5875,五知,34.407259,136.810655
5876,沓掛,34.394149,136.814427
5877,上之郷,34.379334,136.811422
5878,志摩磯部,34.36959,136.805806
5879,穴川(三重),34.358742,136.815975
5880,志摩横山,34.334208,136.818053
5881,鵜方,34.329332,136.825747
5882,志摩神明,34.3162,136.829977
5883,賢島,34.308529,136.819285
5884,生駒,34.693082,135.698006
5885,鳥居前,34.692439,135.696151
5886,菜畑,34.685535,135.706769
5887,一分,34.675408,135.707992
5888,南生駒,34.665484,135.708769
5889,萩の台,34.656974,135.708967
5890,東山(奈良),34.648633,135.7085
5891,元山上口,34.640562,135.700887
5892,平群,34.629291,135.704345
5893,竜田川,34.617272,135.704559
5894,勢野北口,34.606098,135.700979
5895,信貴山下,34.600935,135.695172
5896,黒田(奈良),34.56841,135.777794
5897,但馬,34.569462,135.768269
5898,箸尾,34.570287,135.751245
5899,池部,34.578755,135.737166
5900,佐味田川,34.585213,135.731047
5901,大輪田,34.589173,135.720328
5902,近鉄新庄,34.489105,135.727338
5903,忍海,34.476062,135.731988
5904,伊勢若松,34.869431,136.616765
5905,柳,34.871381,136.595947
5906,鈴鹿市,34.883899,136.582812
5907,三日市,34.880232,136.562316
5908,平田町,34.875124,136.542406
5909,河内小阪,34.66394,135.5815
5910,八戸ノ里,34.663721,135.589475
5911,若江岩田,34.66311,135.608315
5912,河内花園,34.662713,135.618347
5913,東花園,34.662388,135.626808
5914,瓢箪山(大阪),34.66196,135.639143
5915,枚岡,34.669579,135.648067
5916,額田(大阪),34.675181,135.651086
5917,石切,34.684739,135.654996
5918,東生駒,34.691729,135.710488
5919,富雄,34.694229,135.734825
5920,学園前(奈良),34.697018,135.749713
5921,菖蒲池,34.69796,135.761331
5922,新大宮,34.685434,135.810744
5923,近鉄奈良,34.684323,135.827472
5924,服部川,34.626481,135.641102
5925,信貴山口,34.619967,135.642118
5926,喜志,34.522647,135.607137
5927,富田林,34.504166,135.600413
5928,富田林西口,34.500302,135.596347
5929,川西(大阪),34.491992,135.590701
5930,滝谷不動,34.481355,135.586665
5931,汐ノ宮,34.466962,135.579188
5932,河内長野,34.450684,135.573172
5933,長田(大阪),34.678747,135.591919
5934,荒本,34.678627,135.604912
5935,吉田(大阪),34.680294,135.624135
5936,新石切,34.680133,135.640859
5937,白庭台,34.720345,135.716686
5938,学研北生駒,34.724789,135.723038
5939,学研奈良登美ヶ丘,34.726544,135.752436
5940,高安山,34.613679,135.653794
5941,東寺,34.979967,135.752553
5942,十条(近畿日本鉄道),34.97398,135.752413
5943,上鳥羽口,34.965135,135.752625
5944,竹田(京都),34.956825,135.756091
5945,伏見(京都),34.946054,135.761479
5946,近鉄丹波橋,34.938299,135.766262
5947,丹波橋,34.938879,135.765457
5948,桃山御陵前,34.933349,135.765537
5949,伏見桃山,34.932599,135.764368
5950,向島,34.914924,135.769681
5951,小倉(京都),34.89304,135.781914
5952,伊勢田,34.882208,135.77899
5953,大久保(京都),34.874351,135.777024
5954,久津川,34.864943,135.774847
5955,寺田(京都),34.853275,135.772011
5956,富野荘,34.840201,135.772922
5957,新田辺,34.820492,135.772805
5958,興戸,34.808293,135.778638
5959,近鉄宮津,34.791453,135.787391
5960,木津川台,34.746641,135.795996
5961,山田川,34.737678,135.793794
5962,高の原,34.723494,135.791839
5963,平城,34.701496,135.784524
5964,宝山寺,34.686069,135.68907
5965,梅屋敷(奈良),34.683299,135.686967
5966,霞ヶ丘(奈良),34.681341,135.683577
5967,生駒山上,34.679594,135.68053
5968,米野,35.161354,136.879793
5969,ささしまライブ,35.161745,136.881815
5970,黄金(愛知),35.156185,136.870621
5971,烏森,35.152935,136.863895
5972,伏屋,35.140183,136.827841
5973,戸田(愛知),35.132731,136.807624
5974,近鉄蟹江,35.129739,136.794139
5975,富吉,35.123634,136.769298
5976,佐古木,35.119574,136.752583
5977,益生,35.057772,136.67854
5978,伊勢朝日,35.038246,136.668821
5979,川越富洲原,35.016267,136.659736
5980,近鉄富田,35.006491,136.64934
5981,霞ヶ浦,34.993392,136.636872
5982,阿倉川,34.985207,136.629417
5983,川原町,34.977283,136.623201
5984,新正,34.955816,136.61873
5985,海山道,34.943304,136.622956
5986,塩浜,34.933008,136.622242
5987,北楠,34.916197,136.624797
5988,楠,34.90489,136.631208
5989,長太ノ浦,34.89158,136.6264
5990,箕田,34.879439,136.622025
5991,千代崎,34.854793,136.608332
5992,白子,34.833754,136.589584
5993,鼓ヶ浦,34.826219,136.581299
5994,磯山,34.812609,136.568881
5995,千里(三重),34.798491,136.556216
5996,豊津上野,34.785156,136.543173
5997,白塚,34.77066,136.53254
5998,高田本山,34.755082,136.516431
5999,江戸橋,34.744425,136.514034
6000,津新町,34.715632,136.50006
6001,南が丘,34.692183,136.49662
6002,久居,34.675543,136.477806
6003,桃園,34.663372,136.47749
6004,難波,34.66357,135.501949
6005,天下茶屋,34.636847,135.496673
6006,岸里玉出,34.628291,135.494388
6007,東玉出,34.626784,135.495926
6008,粉浜,34.61833,135.491763
6009,東粉浜,34.618133,135.492588
6010,住吉大社,34.612431,135.490124
6011,住吉公園,34.613086,135.490541
6012,住吉鳥居前,34.612139,135.491093
6013,住ノ江,34.605348,135.487011
6014,七道,34.592313,135.480556
6015,堺,34.581958,135.468754
6016,湊,34.570489,135.459975
6017,石津川,34.559377,135.453178
6018,諏訪ノ森,34.551764,135.449129
6019,浜寺公園,34.541243,135.444629
6020,浜寺駅前,34.541418,135.44316
6021,高石,34.521439,135.432723
6022,北助松,34.514523,135.422779
6023,松ノ浜,34.508932,135.414702
6024,泉大津,34.503235,135.406642
6025,忠岡,34.488645,135.397668
6026,春木,34.477688,135.392077
6027,和泉大宮,34.467917,135.384908
6028,岸和田,34.460304,135.37819
6029,蛸地蔵,34.456437,135.37031
6030,貝塚(大阪),34.445499,135.357485
6031,二色浜,34.432717,135.345275
6032,鶴原,34.426479,135.338366
6033,井原里,34.41983,135.330742
6034,泉佐野,34.411153,135.316724
6035,羽倉崎,34.399346,135.299484
6036,吉見ノ里,34.391397,135.28976
6037,岡田浦,34.384569,135.276939
6038,樽井,34.374184,135.261362
6039,尾崎,34.36103,135.240172
6040,鳥取ノ荘,34.351323,135.231857
6041,箱作,34.341323,135.212634
6042,淡輪,34.331229,135.178159
6043,みさき公園,34.323986,135.160977
6044,孝子,34.290619,135.151019
6045,和歌山大学前,34.276306,135.147083
6046,紀ノ川,34.254937,135.165908
6047,和歌山港,34.217321,135.146488
6048,伽羅橋,34.528869,135.436847
6049,高師浜,34.527391,135.431911
6050,東松江(和歌山),34.247837,135.141082
6051,中松江,34.248781,135.13291
6052,八幡前(和歌山),34.252592,135.121744
6053,西ノ庄,34.255461,135.110786
6054,二里ヶ浜,34.257627,135.104025
6055,磯ノ浦,34.260549,135.094495
6056,加太(和歌山),34.275283,135.080773
6057,深日町,34.31823,135.148002
6058,深日港,34.317386,135.141297
6059,多奈川,34.316705,135.137181
6060,今宮戎,34.655137,135.50153
6061,萩ノ茶屋,34.64561,135.498986
6062,帝塚山,34.622332,135.498406
6063,住吉東,34.6133,135.497587
6064,沢ノ町,34.606284,135.496957
6065,我孫子前,34.600188,135.496888
6066,浅香山,34.589319,135.491025
6067,堺東,34.575878,135.485062
6068,百舌鳥八幡,34.560577,135.498751
6069,中百舌鳥,34.556232,135.504454
6070,なかもず,34.55607,135.50579
6071,白鷺,34.550235,135.513148
6072,初芝,34.542322,135.526491
6073,萩原天神,34.537125,135.535094
6074,北野田,34.522949,135.543177
6075,狭山,34.516725,135.548137
6076,大阪狭山市,34.504643,135.557234
6077,金剛,34.495324,135.559306
6078,滝谷(大阪),34.479582,135.5622
6079,千代田,34.468894,135.566311
6080,三日市町,34.43672,135.57134
6081,美加の台,34.424697,135.577172
6082,千早口,34.411493,135.590199
6083,天見,34.397558,135.595504
6084,紀見峠,34.366288,135.599904
6085,林間田園都市,34.355292,135.603207
6086,御幸辻,34.338016,135.602085
6087,紀伊清水,34.307495,135.60478
6088,学文路,34.296582,135.579882
6089,九度山,34.287775,135.564487
6090,高野下,34.271635,135.566359
6091,下古沢,34.266497,135.553207
6092,上古沢,34.257362,135.548025
6093,紀伊細川,34.235723,135.553705
6094,紀伊神谷,34.242852,135.571034
6095,極楽橋,34.23435,135.582078
6096,高野山,34.227789,135.577619
6097,汐見橋,34.667638,135.486165
6098,桜川(大阪),34.668427,135.488839
6099,芦原町,34.660516,135.486462
6100,木津川,34.654703,135.483093
6101,津守,34.647004,135.483349
6102,西天下茶屋,34.638736,135.489079
6103,出町柳,35.029654,135.772519
6104,神宮丸太町,35.017555,135.772283
6105,三条(京都),35.009114,135.772274
6106,三条京阪,35.009278,135.773773
6107,祇園四条,35.003689,135.771961
6108,京都河原町,35.003765,135.769463
6109,清水五条,34.995691,135.768378
6110,七条,34.989322,135.767846
6111,鳥羽街道,34.973632,135.770004
6112,伏見稲荷,34.968966,135.769279
6113,龍谷大前深草,34.964247,135.770154
6114,藤森,34.956782,135.770191
6115,墨染,34.948206,135.769126
6116,中書島,34.926875,135.760174
6117,淀,34.906819,135.721458
6118,石清水八幡宮,34.884537,135.700352
6119,ケーブル八幡宮口,34.884513,135.699473
6120,橋本(京都),34.882042,135.684251
6121,樟葉,34.861977,135.675352
6122,牧野,34.843868,135.665584
6123,御殿山,34.829178,135.653969
6124,枚方市,34.816171,135.648814
6125,枚方公園,34.811526,135.639465
6126,光善寺,34.797745,135.630124
6127,香里園,34.784613,135.630927
6128,寝屋川市,34.763893,135.620603
6129,萱島,34.747453,135.61118
6130,大和田(大阪),34.742962,135.602667
6131,古川橋,34.73994,135.591484
6132,門真市,34.73809,135.583224
6133,西三荘,34.737309,135.5759
6134,守口市,34.735323,135.565273
6135,土居,34.730577,135.559763
6136,滝井,34.727868,135.557463
6137,千林,34.723966,135.554741
6138,森小路,34.719419,135.551686
6139,関目,34.71252,135.546953
6140,関目成育,34.712975,135.546353
6141,天満橋,34.6902,135.516633
6142,北浜(大阪),34.691799,135.50683
6143,なにわ橋,34.692829,135.506594
6144,淀屋橋,34.692456,135.501648
6145,大江橋,34.694296,135.500412
6146,観月橋,34.928103,135.768642
6147,桃山南口,34.931056,135.783683
6148,六地蔵(京阪電気鉄道),34.932017,135.793322
6149,木幡(京阪電気鉄道),34.925859,135.796047
6150,三室戸,34.898976,135.806339
6151,宇治(京阪電気鉄道),34.894678,135.806229
6152,宮之阪,34.813649,135.65663
6153,星ヶ丘(大阪),34.807696,135.659755
6154,村野,34.801828,135.664221
6155,郡津,34.794376,135.669868
6156,交野市,34.786924,135.675595
6157,河内森,34.77386,135.685617
6158,私市,34.767671,135.686569
6159,ケーブル八幡宮山上,34.881061,135.699796
6160,石山寺,34.967122,135.90347
6161,唐橋前,34.973304,135.90297
6162,粟津(滋賀),34.984789,135.895607
6163,瓦ヶ浜,34.988266,135.894696
6164,中ノ庄,34.990857,135.891516
6165,膳所本町,34.995335,135.889249
6166,錦,34.997587,135.885649
6167,石場,35.004722,135.875606
6168,島ノ関,35.007703,135.870937
6169,びわ湖浜大津,35.011283,135.863982
6170,三井寺,35.012891,135.859793
6171,大津市役所前,35.018335,135.855463
6172,近江神宮前,35.028194,135.855807
6173,南滋賀,35.036691,135.85747
6174,滋賀里,35.043402,135.858994
6175,穴太(滋賀),35.055675,135.864755
6176,松ノ馬場,35.065348,135.870241
6177,坂本比叡山口,35.070592,135.871268
6178,御陵,34.996158,135.801637
6179,京阪山科,34.992039,135.816835
6180,四宮,34.991903,135.823996
6181,追分(滋賀),34.991445,135.837528
6182,大谷(滋賀),34.994129,135.854116
6183,上栄町,35.00515,135.860152
6184,渡辺橋,34.693916,135.49542
6185,肥後橋,34.691355,135.496388
6186,中之島,34.691504,135.487373
6187,中津(阪急電鉄),34.709745,135.493011
6188,十三,34.720226,135.48248
6189,神崎川,34.732249,135.472967
6190,園田,34.751905,135.448186
6191,塚口(阪急電鉄),34.752826,135.41585
6192,武庫之荘,34.751587,135.393821
6193,西宮北口,34.745951,135.356702
6194,夙川,34.742246,135.328207
6195,芦屋川,34.736338,135.300651
6196,岡本(兵庫),34.729171,135.275937
6197,御影(阪急電鉄),34.724508,135.251803
6198,六甲,34.719891,135.234371
6199,王子公園,34.710354,135.218553
6200,春日野道(阪急電鉄),34.70299,135.205396
6201,三国(大阪),34.737254,135.483128
6202,庄内(大阪),34.750333,135.475095
6203,服部天神,34.763024,135.475111
6204,曽根(大阪),34.771078,135.46777
6205,岡町,34.778949,135.465103
6206,豊中,34.787248,135.462073
6207,蛍池,34.794365,135.449238
6208,石橋阪大前,34.808254,135.445487
6209,池田(大阪),34.821544,135.425797
6210,川西能勢口,34.827654,135.413393
6211,雲雀丘花屋敷,34.827357,135.402946
6212,山本(兵庫),34.821918,135.388503
6213,中山観音,34.819518,135.369235
6214,売布神社,34.815863,135.361339
6215,清荒神,34.811271,135.35352
6216,烏丸,35.003665,135.759108
6217,四条,35.002353,135.759623
6218,大宮(京都),35.003587,135.748756
6219,四条大宮,35.00319,135.748395
6220,西院,35.003619,135.732447
6221,西京極,34.992459,135.718462
6222,桂,34.979522,135.703302
6223,洛西口,34.964081,135.703096
6224,東向日,34.953885,135.704646
6225,西向日,34.939892,135.702657
6226,長岡天神,34.924791,135.69233
6227,西山天王山,34.912696,135.688508
6228,水無瀬,34.877745,135.667853
6229,上牧(大阪),34.872018,135.661629
6230,高槻市,34.849905,135.623265
6231,富田(大阪),34.835207,135.592721
6232,総持寺,34.827257,135.58492
6233,茨木市,34.816472,135.575815
6234,南茨木,34.802351,135.565152
6235,摂津市,34.786409,135.553715
6236,正雀,34.775454,135.545657
6237,相川,34.757942,135.533853
6238,上新庄,34.750873,135.533114
6239,崇禅寺,34.731048,135.510186
6240,南方(大阪),34.725656,135.499507
6241,西中島南方,34.726584,135.498579
6242,今津(兵庫),34.732015,135.351573
6243,阪神国道,34.73715,135.354702
6244,門戸厄神,34.757086,135.358221
6245,甲東園,34.76676,135.359757
6246,仁川,34.775117,135.356854
6247,小林(兵庫),34.789396,135.352282
6248,逆瀬川,34.797181,135.350707
6249,宝塚南口,34.804256,135.345918
6250,苦楽園口,34.750062,135.328885
6251,甲陽園,34.760919,135.329965
6252,稲野,34.764817,135.415532
6253,新伊丹,34.772574,135.415479
6254,伊丹(阪急電鉄),34.779875,135.413618
6255,桜井(大阪),34.816801,135.460705
6256,牧落,34.823436,135.465794
6257,箕面,34.834404,135.46819
6258,北千里,34.81987,135.51111
6259,山田(大阪),34.804237,135.515692
6260,南千里,34.792393,135.508794
6261,千里山,34.778903,135.505466
6262,関大前,34.770984,135.506136
6263,豊津(大阪),34.764588,135.509005
6264,吹田(阪急電鉄),34.759675,135.517366
6265,下新庄,34.746474,135.519893
6266,柴島,34.728437,135.511478
6267,天神橋筋六丁目,34.710265,135.510757
6268,上桂,34.990201,135.696069
6269,松尾大社,35.000331,135.688214
6270,嵐山(阪急電鉄),35.010315,135.681603
6271,淀川,34.696159,135.465249
6272,姫島,34.704466,135.45823
6273,千船,34.712245,135.445361
6274,杭瀬,34.718272,135.43884
6275,大物,34.716583,135.425549
6276,尼崎(阪神電気鉄道),34.718634,135.417309
6277,出屋敷,34.718232,135.404604
6278,尼崎センタープール前,34.71776,135.395044
6279,武庫川,34.718154,135.383654
6280,鳴尾-武庫川女子大前,34.719684,135.37036
6281,甲子園,34.723987,135.363157
6282,久寿川,34.726975,135.356811
6283,西宮(阪神電気鉄道),34.736858,135.337759
6284,香櫨園,34.734344,135.328929
6285,打出,34.731616,135.315481
6286,芦屋(阪神電気鉄道),34.728052,135.303969
6287,深江,34.722583,135.291347
6288,青木,34.71695,135.28062
6289,魚崎,34.71262,135.26924
6290,住吉(阪神電気鉄道),34.713025,135.261655
6291,御影(阪神電気鉄道),34.714895,135.25569
6292,石屋川,34.71327,135.249329
6293,新在家,34.710573,135.240565
6294,大石,34.707671,135.231055
6295,西灘,34.705782,135.224639
6296,岩屋(兵庫),34.704065,135.217962
6297,春日野道(阪神電気鉄道),34.699513,135.207968
6298,ドーム前,34.670266,135.478313
6299,ドーム前千代崎,34.670757,135.479415
6300,九条(大阪),34.673412,135.474483
6301,千鳥橋,34.68546,135.457817
6302,伝法,34.689256,135.451559
6303,福,34.699791,135.442692
6304,出来島,34.707173,135.436921
6305,東鳴尾,34.712646,135.379065
6306,洲先,34.709046,135.378049
6307,武庫川団地前,34.704894,135.374757
6308,西鉄福岡(天神),33.588937,130.399733
6309,薬院,33.581957,130.401683
6310,西鉄平尾,33.573631,130.406254
6311,高宮(福岡),33.567138,130.414743
6312,大橋(福岡),33.559128,130.426559
6313,井尻,33.551896,130.44348
6314,雑餉隈,33.547216,130.46262
6315,桜並木,33.544757,130.466437
6316,春日原,33.537823,130.473141
6317,白木原,33.528541,130.482735
6318,下大利,33.522431,130.489248
6319,都府楼前,33.511677,130.508011
6320,西鉄二日市,33.502192,130.517871
6321,紫,33.496009,130.522503
6322,朝倉街道,33.484174,130.532548
6323,桜台(福岡),33.471636,130.542465
6324,筑紫,33.462682,130.553111
6325,津古,33.446414,130.565538
6326,三国が丘,33.436862,130.563183
6327,三沢(福岡),33.423227,130.560386
6328,大保,33.411515,130.558035
6329,西鉄小郡,33.39633,130.5536
6330,小郡,33.397555,130.552994
6331,端間,33.378907,130.550814
6332,味坂,33.353143,130.540616
6333,宮の陣,33.329456,130.530902
6334,櫛原,33.319592,130.524319
6335,西鉄久留米,33.312276,130.521053
6336,花畑,33.306643,130.515972
6337,聖マリア病院前,33.301985,130.509923
6338,津福,33.296505,130.497788
6339,安武,33.286311,130.489061
6340,大善寺,33.270432,130.473897
6341,三潴,33.255961,130.469386
6342,犬塚,33.247387,130.462953
6343,大溝,33.227009,130.449776
6344,八丁牟田,33.209035,130.437744
6345,蒲池(福岡),33.189687,130.422657
6346,矢加部,33.17418,130.415685
6347,西鉄柳川,33.1651,130.419265
6348,徳益,33.15541,130.426676
6349,塩塚,33.143725,130.431232
6350,西鉄中島,33.122444,130.440129
6351,江の浦,33.108896,130.446565
6352,開,33.097275,130.453087
6353,西鉄渡瀬,33.086848,130.458729
6354,倉永,33.07215,130.463749
6355,東甘木,33.062756,130.464491
6356,西鉄銀水,33.050935,130.458139
6357,新栄町(福岡),33.038453,130.450001
6358,西鉄五条,33.51111,130.526106
6359,太宰府,33.51904,130.531406
6360,五郎丸,33.330433,130.539863
6361,学校前,33.336305,130.547431
6362,古賀茶屋,33.34346,130.566388
6363,北野(福岡),33.345379,130.582822
6364,大城,33.350915,130.607812
6365,金島(福岡),33.353232,130.623016
6366,大堰,33.372278,130.624022
6367,本郷(福岡),33.385013,130.628893
6368,上浦,33.398681,130.637115
6369,馬田,33.407541,130.640656
6370,甘木,33.418399,130.655074
6371,貝塚(福岡),33.632906,130.425612
6372,名島,33.642733,130.431687
6373,香椎宮前,33.65529,130.442674
6374,西鉄香椎,33.659809,130.441429
6375,香椎花園前,33.669924,130.434396
6376,唐の原,33.680059,130.43449
6377,三苫,33.702081,130.422521
6378,西鉄新宮,33.714067,130.436856
6379,宮の沢,43.089962,141.27717
6380,発寒南,43.081732,141.289312
6381,琴似(札幌市交通局),43.075941,141.303931
6382,二十四軒,43.070221,141.314093
6383,西2８丁目,43.060345,141.314522
6384,円山公園,43.055582,141.318863
6385,西１８丁目,43.057168,141.330204
6386,西１１丁目,43.058557,141.341036
6387,中央区役所前,43.057367,141.340843
6388,大通,43.060304,141.352504
6389,バスセンター前,43.061268,141.360473
6390,菊水,43.057169,141.3727
6391,東札幌,43.051614,141.384922
6392,白石(札幌市交通局),43.046076,141.396242
6393,南郷７丁目,43.040091,141.411759
6394,南郷１3丁目,43.035783,141.422697
6395,南郷１８丁目,43.030229,141.435196
6396,大谷地,43.028008,141.452972
6397,ひばりが丘,43.032175,141.464638
6398,麻生,43.109106,141.338255
6399,北3４条,43.099883,141.342028
6400,北2４条,43.089811,141.344604
6401,北１８条,43.081568,141.346686
6402,北１2条,43.074829,141.348403
6403,すすきの,43.05578,141.353257
6404,中島公園,43.048892,141.354913
6405,幌平橋,43.040073,141.355886
6406,中の島,43.037727,141.360758
6407,平岸(札幌市交通局),43.034666,141.36853
6408,南平岸,43.026842,141.371355
6409,澄川,43.016845,141.367308
6410,自衛隊前,43.006038,141.364776
6411,真駒内,42.991134,141.358499
6412,栄町(北海道),43.112995,141.367142
6413,新道東,43.104663,141.369086
6414,元町(北海道),43.094355,141.371598
6415,環状通東,43.082166,141.374643
6416,東区役所前,43.078197,141.364769
6417,北１3条東,43.07689,141.354851
6418,豊水すすきの,43.055008,141.356838
6419,学園前(北海道),43.047448,141.36909
6420,豊平公園,43.041929,141.376573
6421,美園,43.036338,141.385756
6422,月寒中央,43.030553,141.396263
6423,福住,43.021621,141.403105
6424,西４丁目,43.058855,141.351814
6425,西８丁目,43.058117,141.34612
6426,西１５丁目,43.056312,141.335149
6427,西線６条,43.051352,141.335088
6428,西線９条旭山公園通,43.047896,141.335372
6429,西線１１条,43.044664,141.335957
6430,西線１４条,43.040286,141.3364
6431,西線１６条,43.036958,141.336859
6432,ロープウェイ入口,43.03367,141.337287
6433,電車事業所前,43.030509,141.33765
6434,中央図書館前,43.030455,141.340227
6435,石山通,43.030706,141.344175
6436,東屯田通,43.030954,141.34826
6437,幌南小学校前,43.032196,141.351814
6438,山鼻１９条,43.034706,141.351514
6439,静修学園前,43.038329,141.351063
6440,行啓通,43.041544,141.35072
6441,中島公園通,43.045652,141.350269
6442,山鼻９条,43.048619,141.349731
6443,東本願寺前,43.051396,141.349453
6444,資生館小学校前,43.055062,141.348981
6445,狸小路,43.057279,141.352927
6446,湯の川,41.781073,140.789902
6447,湯の川温泉,41.780129,140.784881
6448,アリーナ前,41.782065,140.782006
6449,駒場車庫前,41.783265,140.779216
6450,競馬場前(北海道),41.784657,140.775268
6451,深堀町,41.787153,140.769947
6452,柏木町,41.787937,140.765226
6453,杉並町,41.788689,140.759304
6454,五稜郭公園前,41.789313,140.75175
6455,中央病院前,41.787121,140.751021
6456,千代台,41.784257,140.748532
6457,堀川町,41.780433,140.74394
6458,昭和橋,41.778017,140.740893
6459,千歳町(北海道),41.776161,140.738575
6460,新川町(北海道),41.77464,140.736601
6461,松風町,41.771296,140.733039
6462,市役所前(北海道),41.768943,140.72495
6463,魚市場通,41.765838,140.721731
6464,十字街,41.763998,140.718513
6465,宝来町,41.761085,140.7198
6466,青柳町,41.756235,140.718255
6467,谷地頭,41.753273,140.71641
6468,末広町(北海道),41.766879,140.711989
6469,大町(北海道),41.770207,140.7092
6470,函館どつく前,41.772992,140.704393
6471,十川(青森),40.817526,140.457044
6472,五農校前,40.821146,140.478753
6473,津軽飯詰,40.829884,140.479586
6474,毘沙門,40.857903,140.47778
6475,嘉瀬,40.881058,140.469316
6476,金木,40.902875,140.459971
6477,芦野公園,40.912283,140.451657
6478,川倉,40.926356,140.44368
6479,大沢内,40.940243,140.437396
6480,深郷田,40.951203,140.441043
6481,津軽中里,40.964848,140.44102
6482,弘前東高前,40.592301,140.488529
6483,運動公園前(青森),40.589527,140.502875
6484,新里(青森),40.587445,140.519879
6485,館田,40.585135,140.538617
6486,平賀,40.585044,140.561048
6487,柏農高校前,40.601867,140.564367
6488,津軽尾上,40.613869,140.576068
6489,尾上高校前,40.627634,140.576806
6490,田んぼアート,40.632656,140.573846
6491,田舎館,40.637274,140.57097
6492,境松,40.648609,140.575691
6493,黒石(青森),40.648342,140.591045
6494,宿川原,40.525153,140.557559
6495,鯖石,40.53561,140.5527
6496,石川プール前,40.543292,140.550278
6497,石川(弘南鉄道),40.550967,140.541337
6498,義塾高校前,40.555824,140.527461
6499,津軽大沢,40.557865,140.516392
6500,松木平,40.560677,140.497097
6501,小栗山,40.564276,140.486704
6502,千年,40.567387,140.480282
6503,聖愛中高前,40.577202,140.47269
6504,弘前学院大前,40.583363,140.470654
6505,弘高下,40.593078,140.468212
6506,中央弘前,40.599144,140.472203
6507,三沢(青森),40.669735,141.353649
6508,大曲(青森),40.648069,141.343038
6509,柳沢,40.642973,141.320889
6510,七百,40.643631,141.305855
6511,古里(青森),40.63877,141.28486
6512,三農校前,40.636861,141.267245
6513,高清水,40.635,141.259046
6514,北里大学前,40.628666,141.236837
6515,工業高校前,40.627338,141.22926
6516,ひがし野団地,40.626624,141.223714
6517,十和田市,40.623747,141.214062
6518,青山(岩手),39.725029,141.118462
6519,厨川,39.744637,141.129354
6520,巣子,39.783345,141.148674
6521,滝沢,39.798953,141.149362
6522,渋民,39.834806,141.15449
6523,岩手川口,39.918696,141.199337
6524,いわて沼宮内,39.960155,141.216955
6525,御堂,40.004412,141.23703
6526,奥中山高原,40.066235,141.22844
6527,小繋,40.123173,141.260437
6528,小鳥谷,40.171061,141.307735
6529,一戸,40.210092,141.297419
6530,二戸,40.25997,141.286211
6531,斗米,40.285158,141.291123
6532,金田一温泉,40.323503,141.303943
6533,目時,40.351908,141.289504
6534,三戸,40.395941,141.27322
6535,諏訪ノ平,40.414889,141.304599
6536,剣吉,40.449025,141.346805
6537,苫米地,40.466926,141.374903
6538,北高岩,40.475126,141.405233
6539,陸奥市川,40.563235,141.439308
6540,下田,40.591958,141.407965
6541,向山,40.629544,141.370392
6542,小川原,40.709893,141.29972
6543,上北町,40.732993,141.264801
6544,乙供,40.780328,141.213039
6545,千曳,40.804662,141.152876
6546,狩場沢,40.900335,141.071274
6547,清水川,40.921801,141.02465
6548,小湊,40.929703,140.953953
6549,西平内,40.918138,140.913146
6550,浅虫温泉,40.890976,140.862221
6551,野内,40.846,140.81675
6552,矢田前,40.833744,140.807151
6553,小柳(青森),40.818223,140.798149
6554,東青森,40.810402,140.782143
6555,筒井(青森),40.805556,140.77
6556,陸前赤崎,39.068623,141.741086
6557,綾里,39.054318,141.799012
6558,恋し浜,39.07453,141.816365
6559,甫嶺,39.093394,141.806571
6560,三陸,39.117194,141.809836
6561,吉浜(岩手),39.151122,141.836382
6562,唐丹,39.201816,141.86123
6563,平田(岩手),39.245686,141.885923
6564,両石,39.308062,141.889112
6565,鵜住居,39.32694,141.887976
6566,大槌,39.356734,141.902894
6567,吉里吉里,39.36957,141.938648
6568,浪板海岸,39.383537,141.935104
6569,岩手船越,39.431369,141.974033
6570,織笠,39.454057,141.955279
6571,陸中山田,39.463449,141.951533
6572,豊間根,39.534274,141.924739
6573,払川,39.564332,141.932889
6574,津軽石,39.581507,141.937594
6575,八木沢-宮古短大,39.619301,141.946406
6576,磯鶏,39.629883,141.960984
6577,山口団地,39.646348,141.933231
6578,一の渡,39.686895,141.94264
6579,佐羽根,39.711131,141.935868
6580,田老,39.731848,141.964556
6581,摂待,39.809453,141.962182
6582,岩泉小本,39.842724,141.958453
6583,島越,39.915737,141.93968
6584,田野畑,39.934276,141.933847
6585,普代,40.002492,141.886269
6586,白井海岸,40.032628,141.883121
6587,堀内,40.051895,141.859481
6588,野田玉川,40.082728,141.828874
6589,十府ヶ浦海岸,40.096833,141.824167
6590,陸中野田,40.116115,141.81899
6591,陸中宇部,40.132441,141.785904
6592,西鷹巣,40.224615,140.357918
6593,縄文小ヶ田,40.204973,140.349206
6594,大野台,40.186975,140.340777
6595,合川,40.161033,140.330148
6596,上杉,40.146533,140.349495
6597,米内沢,40.128199,140.373477
6598,桂瀬,40.101634,140.417854
6599,阿仁前田温泉,40.061322,140.417731
6600,前田南,40.050604,140.40227
6601,小渕,40.033817,140.40117
6602,阿仁合,40.000782,140.401538
6603,荒瀬,39.980085,140.402486
6604,萱草,39.95846,140.412528
6605,笑内,39.935151,140.413071
6606,岩野目,39.921248,140.430639
6607,比立内,39.905078,140.452643
6608,奥阿仁,39.911567,140.48946
6609,阿仁マタギ,39.91952,140.515793
6610,戸沢,39.859084,140.581208
6611,上桧木内,39.818069,140.582587
6612,左通,39.801867,140.586118
6613,羽後中里,39.771049,140.602775
6614,松葉,39.744107,140.590288
6615,羽後長戸呂,39.727689,140.565383
6616,八津,39.687701,140.552805
6617,西明寺,39.653175,140.563191
6618,羽後太田,39.627304,140.574249
6619,薬師堂(秋田),39.368008,140.048788
6620,子吉,39.350399,140.059913
6621,鮎川,39.328693,140.071254
6622,黒沢(由利高原鉄道),39.320388,140.093365
6623,曲沢,39.321081,140.102178
6624,前郷,39.312649,140.112727
6625,久保田(秋田),39.296231,140.111067
6626,西滝沢,39.278319,140.116448
6627,吉沢,39.268145,140.116323
6628,川辺,39.248842,140.12036
6629,矢島,39.230305,140.13897
6630,南陽市役所,38.056138,140.148569
6631,宮内(山形),38.070849,140.135293
6632,おりはた,38.066359,140.12239
6633,梨郷,38.057307,140.098051
6634,西大塚,38.055489,140.064644
6635,時庭,38.076727,140.029498
6636,南長井,38.097592,140.034541
6637,長井,38.106505,140.033486
6638,あやめ公園,38.113971,140.032749
6639,羽前成田,38.131038,140.034987
6640,白兎,38.149984,140.041013
6641,蚕桑,38.161588,140.046757
6642,鮎貝,38.182517,140.071095
6643,四季の郷,38.185763,140.077561
6644,荒砥,38.188,140.097401
6645,卸町(福島),37.795472,140.479463
6646,福島学院前,37.798994,140.489095
6647,瀬上,37.802303,140.498397
6648,向瀬上,37.806683,140.510532
6649,高子,37.808561,140.52755
6650,上保原,37.809628,140.542749
6651,保原,37.81463,140.556651
6652,大泉(福島),37.819966,140.566805
6653,二井田,37.828424,140.581151
6654,新田(福島),37.83776,140.592986
6655,梁川(福島),37.845815,140.603279
6656,やながわ希望の森公園前,37.857867,140.615552
6657,富野,37.874788,140.62737
6658,兜,37.895375,140.646466
6659,あぶくま,37.913443,140.68576
6660,丸森,37.930641,140.761606
6661,北丸森,37.943103,140.771832
6662,南角田,37.964895,140.769578
6663,角田,37.979282,140.772388
6664,横倉(宮城),37.996999,140.776045
6665,岡,38.019085,140.780298
6666,東船岡,38.050095,140.789824
6667,泉中央,38.323167,140.880796
6668,八乙女,38.312899,140.884037
6669,黒松(宮城),38.303142,140.886285
6670,旭ヶ丘(宮城),38.295593,140.883633
6671,台原,38.288524,140.878512
6672,北四番丁,38.272137,140.86907
6673,勾当台公園,38.266304,140.871292
6674,広瀬通,38.262971,140.875736
6675,五橋,38.251861,140.881014
6676,愛宕橋,38.24729,140.882036
6677,河原町(宮城),38.241112,140.887702
6678,長町一丁目,38.234085,140.887402
6679,長町南,38.224642,140.87657
6680,富沢,38.214087,140.87046
6681,曽根田,37.760289,140.459466
6682,美術館図書館前,37.767074,140.455246
6683,岩代清水,37.776304,140.44743
6684,泉(福島交通),37.778551,140.445635
6685,上松川,37.783619,140.441011
6686,笹谷,37.7873,140.439628
6687,桜水,37.796682,140.441369
6688,平野(福島),37.805427,140.442781
6689,医王寺前,37.816544,140.446395
6690,花水坂,37.827043,140.450739
6691,飯坂温泉,37.830265,140.454696
6692,南若松,37.458876,139.914479
6693,門田,37.442616,139.913769
6694,あまや,37.416736,139.917661
6695,芦ノ牧温泉,37.395456,139.932277
6696,大川ダム公園,37.34685,139.920806
6697,芦ノ牧温泉南,37.334573,139.918668
6698,湯野上温泉,37.304056,139.895169
6699,塔のへつり,37.274695,139.901636
6700,弥五島,37.26629,139.889924
6701,会津下郷,37.255166,139.864937
6702,ふるさと公園,37.243051,139.858958
6703,養鱒公園,37.224499,139.841794
6704,会津長野,37.21525,139.823887
6705,田島高校前,37.209525,139.800776
6706,会津田島,37.203261,139.774279
6707,中荒井,37.180289,139.75096
6708,会津荒海,37.153317,139.733683
6709,会津山村道場,37.144787,139.732114
6710,七ヶ岳登山口,37.124184,139.717388
6711,会津高原尾瀬口,37.090026,139.705153
6712,杜せきのした,38.165482,140.895738
6713,美田園,38.15965,140.917404
6714,仙台空港,38.137266,140.928762
6715,八木山動物公園,38.242778,140.843472
6716,青葉山,38.254972,140.835222
6717,川内(宮城),38.261167,140.850667
6718,国際センター(宮城),38.260222,140.856583
6719,大町西公園,38.258972,140.864028
6720,青葉通一番町,38.259611,140.872083
6721,宮城野通,38.257944,140.885778
6722,連坊,38.251139,140.893083
6723,薬師堂(宮城),38.249611,140.906
6724,卸町(宮城),38.2515,140.920722
6725,六丁の目,38.250917,140.9355
6726,荒井(宮城),38.244861,140.948611
6727,都庁前,35.690551,139.69257
6728,新宿西口,35.693315,139.699155
6729,若松河田,35.699218,139.718184
6730,牛込柳町,35.699518,139.725027
6731,牛込神楽坂,35.700851,139.735802
6732,春日(東京),35.709598,139.75325
6733,新御徒町,35.707045,139.781958
6734,蔵前,35.703236,139.790931
6735,森下(東京),35.68796,139.797042
6736,勝どき,35.658507,139.776442
6737,築地市場,35.664895,139.766915
6738,汐留,35.663703,139.760642
6739,大門(東京),35.656785,139.75466
6740,赤羽橋,35.655007,139.743642
6741,国立競技場,35.679831,139.714932
6742,西新宿五丁目,35.689798,139.684304
6743,落合南長崎,35.723608,139.683303
6744,新江古田,35.732538,139.670653
6745,練馬春日町,35.751452,139.640236
6746,光が丘,35.758526,139.628603
6747,西馬込,35.586859,139.705942
6748,馬込,35.596435,139.711772
6749,高輪台,35.631679,139.730305
6750,三田(東京),35.64818,139.748775
6751,本所吾妻橋,35.70858,139.804624
6752,芝公園,35.654074,139.749824
6753,御成門,35.661215,139.751535
6754,内幸町,35.66975,139.75561
6755,白山(東京),35.721408,139.752136
6756,千石,35.727957,139.744792
6757,西巣鴨,35.743508,139.728712
6758,新板橋,35.748785,139.720101
6759,板橋区役所前,35.751284,139.710102
6760,板橋本町,35.761339,139.705535
6761,本蓮沼,35.768782,139.702324
6762,志村坂上,35.775725,139.69538
6763,志村三丁目,35.777391,139.685937
6764,蓮根,35.784335,139.678993
6765,西台,35.78699,139.673971
6766,高島平,35.789056,139.661216
6767,新高島平,35.790189,139.654275
6768,西高島平,35.791833,139.64594
6769,曙橋,35.692402,139.722881
6770,岩本町,35.695534,139.775866
6771,浜町,35.688516,139.788154
6772,菊川(東京),35.688379,139.806016
6773,西大島,35.689349,139.826206
6774,大島(東京),35.689905,139.83565
6775,東大島,35.690355,139.845963
6776,船堀,35.683795,139.864258
6777,一之江,35.686055,139.882934
6778,瑞江,35.693318,139.89761
6779,篠崎,35.706017,139.903698
6780,三ノ輪橋,35.732248,139.791412
6781,荒川一中前,35.733659,139.788988
6782,荒川区役所前,35.73493,139.786456
6783,荒川二丁目,35.738623,139.784696
6784,荒川七丁目,35.741975,139.78417
6785,町屋二丁目,35.743837,139.776625
6786,東尾久三丁目,35.745398,139.774386
6787,熊野前,35.749212,139.769204
6788,宮ノ前,35.750135,139.764955
6789,小台,35.750579,139.761779
6790,荒川遊園地前,35.750744,139.757767
6791,荒川車庫前,35.750909,139.752617
6792,梶原,35.751162,139.747403
6793,栄町(東京),35.750909,139.742124
6794,飛鳥山,35.750248,139.737382
6795,滝野川一丁目,35.747374,139.735376
6796,西ヶ原四丁目,35.744501,139.732779
6797,新庚申塚,35.741348,139.730451
6798,庚申塚,35.739563,139.729743
6799,巣鴨新田,35.735488,139.727769
6800,向原(東京),35.728938,139.724894
6801,都電雑司ヶ谷,35.724261,139.718006
6802,学習院下,35.716248,139.71247
6803,面影橋,35.712981,139.714444
6804,早稲田(東京都交通局),35.711848,139.718928
6805,西羽生,36.17635,139.523986
6806,新郷(埼玉),36.171317,139.510474
6807,武州荒木,36.162614,139.488569
6808,東行田,36.147265,139.468394
6809,行田市,36.143759,139.458851
6810,持田,36.137615,139.44155
6811,ソシオ流通センター,36.1365,139.424333
6812,上熊谷,36.142657,139.38134
6813,石原(埼玉),36.147612,139.368901
6814,ひろせ野鳥の森,36.146242,139.352086
6815,大麻生,36.144612,139.331859
6816,明戸,36.142958,139.303306
6817,武川,36.142197,139.281714
6818,永田(埼玉),36.135314,139.259516
6819,ふかや花園,36.132056,139.251472
6820,小前田,36.12895,139.222386
6821,桜沢(埼玉),36.128672,139.206981
6822,波久礼,36.126728,139.158078
6823,樋口,36.131076,139.122226
6824,野上,36.11157,139.110865
6825,長瀞,36.095462,139.112346
6826,上長瀞,36.086169,139.11319
6827,親鼻,36.077539,139.106103
6828,皆野,36.068682,139.093947
6829,和銅黒谷,36.046671,139.101666
6830,大野原,36.018586,139.094071
6831,秩父,35.99883,139.086044
6832,御花畑,35.992369,139.083614
6833,影森,35.972015,139.068413
6834,浦山口,35.963922,139.058134
6835,武州中川,35.958347,139.035439
6836,武州日野,35.953867,139.021888
6837,白久,35.95895,138.993263
6838,三峰口,35.960075,138.978706
6839,川口元郷,35.800187,139.730043
6840,南鳩ヶ谷,35.816839,139.736059
6841,鳩ヶ谷,35.830859,139.735967
6842,新井宿,35.842974,139.737908
6843,戸塚安行,35.858873,139.753689
6844,浦和美園,35.893677,139.72779
6845,西大原,35.260407,140.378029
6846,上総東,35.263313,140.344974
6847,新田野,35.276408,140.328081
6848,国吉,35.280497,140.314046
6849,上総中川,35.282763,140.280636
6850,城見ヶ丘,35.291741,140.252693
6851,大多喜,35.286466,140.243833
6852,小谷松,35.268938,140.251142
6853,東総元,35.259314,140.247381
6854,久我原,35.250265,140.247718
6855,総元,35.240588,140.240413
6856,西畑,35.25051,140.215176
6857,上総中野,35.250051,140.199571
6858,浅草(つくばエクスプレス),35.713817,139.792389
6859,青井,35.771782,139.82038
6860,六町,35.784963,139.821816
6861,八潮,35.807905,139.845017
6862,三郷中央,35.824514,139.878344
6863,流山セントラルパーク,35.854552,139.915223
6864,柏の葉キャンパス,35.89308,139.952454
6865,柏たなか,35.9109,139.957533
6866,守谷,35.950626,139.992209
6867,みらい平,35.99514,140.038555
6868,みどりの,36.03025,140.056276
6869,万博記念公園(茨城),36.058433,140.059328
6870,研究学園,36.0821,140.082256
6871,つくば,36.0825,140.110604
6872,新高島,35.46192,139.626499
6873,みなとみらい,35.458028,139.632386
6874,馬車道,35.450135,139.636175
6875,日本大通り,35.446821,139.642608
6876,元町-中華街,35.44243,139.650446
6877,竹芝,35.654099,139.762037
6878,日の出,35.649136,139.75906
6879,芝浦ふ頭,35.641773,139.757852
6880,お台場海浜公園,35.629813,139.778607
6881,台場,35.625908,139.771435
6882,東京国際クルーズターミナル,35.621462,139.773157
6883,テレコムセンター,35.617593,139.779327
6884,青海(東京),35.62467,139.781132
6885,東京ビッグサイト,35.630158,139.791228
6886,有明(東京),35.634596,139.793269
6887,有明テニスの森,35.639964,139.78888
6888,市場前,35.645684,139.78564
6889,新豊洲,35.648718,139.789996
6890,下新田,36.407776,139.315086
6891,運動公園(群馬),36.42038,139.300852
6892,大間々,36.434617,139.277559
6893,上神梅,36.470053,139.257696
6894,本宿(群馬),36.481391,139.259306
6895,水沼,36.499866,139.277579
6896,花輪,36.520809,139.30769
6897,中野(群馬),36.524243,139.317219
6898,小中,36.535644,139.337842
6899,神戸(群馬),36.537467,139.35653
6900,沢入,36.58064,139.396314
6901,原向,36.617284,139.420593
6902,通洞,36.636837,139.439671
6903,足尾,36.641853,139.447773
6904,間藤,36.653507,139.450078
6905,地区センター,35.726225,140.155041
6906,公園,35.730758,140.153755
6907,女子大,35.738357,140.155054
6908,中学校,35.740123,140.14841
6909,井野(千葉),35.732605,140.148497
6910,緑町,35.259226,139.158578
6911,井細田,35.268964,139.157397
6912,五百羅漢,35.27519,139.155758
6913,穴部,35.279887,139.148787
6914,飯田岡,35.287913,139.139109
6915,相模沼田,35.292334,139.133945
6916,岩原,35.298825,139.12879
6917,塚原,35.301305,139.126632
6918,和田河原,35.31585,139.118684
6919,富士フイルム前,35.317657,139.109483
6920,大雄山,35.319046,139.10365
6921,阿字ヶ浦,36.383529,140.61244
6922,磯崎,36.37781,140.617934
6923,美乃浜学園,36.37256,140.61679
6924,平磯,36.357546,140.607575
6925,殿山,36.349497,140.601087
6926,那珂湊,36.345453,140.587716
6927,高田の鉄橋,36.352556,140.580028
6928,中根,36.367488,140.562138
6929,金上,36.382319,140.534132
6930,工機前,36.388099,140.524542
6931,中川(神奈川),35.562973,139.569846
6932,センター北,35.55353,139.578457
6933,センター南,35.545476,139.574291
6934,仲町台,35.535258,139.589715
6935,新羽,35.527701,139.612065
6936,北新横浜,35.519271,139.612818
6937,岸根公園,35.496038,139.617065
6938,片倉町,35.490205,139.606511
6939,三ツ沢上町,35.476526,139.605395
6940,三ツ沢下町,35.476512,139.61481
6941,高島町,35.458575,139.623743
6942,伊勢佐木長者町,35.441044,139.633176
6943,阪東橋,35.437434,139.624843
6944,吉野町,35.435489,139.618455
6945,蒔田,35.429935,139.610123
6946,弘明寺(横浜市交通局),35.423294,139.602081
6947,港南中央,35.401049,139.590958
6948,上永谷,35.401391,139.572713
6949,下永谷,35.402677,139.559389
6950,舞岡,35.402685,139.551509
6951,踊場,35.405922,139.518058
6952,中田(神奈川),35.411161,139.511301
6953,立場,35.414296,139.500177
6954,下飯田,35.403503,139.483195
6955,南部市場,35.380192,139.633163
6956,鳥浜,35.377187,139.641704
6957,並木北,35.372015,139.642743
6958,並木中央,35.365505,139.642945
6959,幸浦,35.358406,139.643706
6960,産業振興センター,35.35339,139.646326
6961,福浦,35.349627,139.648517
6962,市大医学部,35.343966,139.650156
6963,八景島,35.340914,139.64079
6964,海の公園柴口,35.342086,139.635846
6965,海の公園南口,35.337225,139.632096
6966,野島公園,35.330559,139.631524
6967,西取手,35.908584,140.059437
6968,寺原,35.911825,140.054551
6969,新取手,35.917657,140.0421
6970,ゆめみ野,35.921129,140.034789
6971,稲戸井,35.926142,140.02269
6972,戸頭,35.92951,140.014263
6973,南守谷,35.934224,140.00212
6974,新守谷,35.966344,139.985864
6975,小絹,35.981151,139.983328
6976,水海道,36.017828,139.99137
6977,北水海道,36.032123,139.9928
6978,中妻,36.047291,139.990714
6979,三妻,36.073507,139.983052
6980,南石下,36.102262,139.973938
6981,石下,36.117041,139.974323
6982,玉村,36.135499,139.969959
6983,宗道,36.153589,139.970573
6984,下妻,36.182325,139.964461
6985,大宝,36.203159,139.970193
6986,騰波ノ江,36.223232,139.976274
6987,黒子,36.247396,139.97514
6988,大田郷,36.278258,139.959724
6989,入地,35.91899,140.157266
6990,竜ヶ崎,35.908586,140.178937
6991,石上,35.332482,139.485572
6992,柳小路,35.327352,139.485189
6993,鵠沼,35.321447,139.482637
6994,湘南海岸公園,35.315203,139.4833
6995,江ノ島,35.311003,139.487581
6996,湘南江の島,35.311867,139.487794
6997,腰越,35.308287,139.493286
6998,鎌倉高校前,35.306698,139.500535
6999,七里ヶ浜,35.306243,139.510101
7000,稲村ヶ崎,35.30426,139.522322
7001,極楽寺,35.309318,139.528721
7002,長谷(神奈川),35.311265,139.536168
7003,由比ヶ浜,35.312857,139.54157
7004,和田塚,35.31372,139.545362
7005,鉄道博物館,35.920271,139.617796
7006,加茂宮,35.93568,139.616688
7007,東宮原,35.94262,139.618054
7008,今羽,35.949941,139.619443
7009,吉野原,35.957065,139.620862
7010,原市,35.964072,139.622531
7011,沼南,35.971165,139.623481
7012,丸山(埼玉),35.97989,139.624711
7013,志久,35.991099,139.62228
7014,伊奈中央,35.999537,139.617094
7015,羽貫,36.007311,139.608608
7016,内宿,36.014163,139.599878
7017,東水戸,36.361746,140.516012
7018,常澄,36.340683,140.558997
7019,大洗,36.315342,140.562675
7020,涸沼,36.266054,140.527356
7021,鹿島旭,36.224658,140.512601
7022,徳宿,36.190356,140.514441
7023,新鉾田,36.152697,140.520408
7024,北浦湖畔,36.120453,140.536841
7025,大洋,36.108341,140.576413
7026,鹿島灘,36.075568,140.596789
7027,鹿島大野,36.050674,140.609855
7028,長者ヶ浜潮騒はまなす公園前,36.031336,140.618849
7029,荒野台,36.016804,140.625194
7030,芝山千代田,35.754248,140.399215
7031,上総村上,35.496171,140.100355
7032,海士有木,35.481729,140.124264
7033,上総三又,35.46592,140.12672
7034,上総山田,35.454105,140.126128
7035,光風台(千葉),35.439662,140.114174
7036,馬立,35.423795,140.114719
7037,上総牛久,35.400213,140.142255
7038,上総川間,35.388047,140.150968
7039,上総鶴舞,35.381346,140.165006
7040,上総久保,35.367481,140.154438
7041,高滝,35.353074,140.150246
7042,里見,35.336685,140.145505
7043,飯給,35.320512,140.142358
7044,月崎,35.302203,140.139394
7045,上総大久保,35.283367,140.145924
7046,養老渓谷,35.266409,140.159382
7047,富士見町(神奈川),35.345389,139.529277
7048,湘南町屋,35.337832,139.522666
7049,湘南深沢,35.332865,139.518903
7050,西鎌倉,35.319383,139.504365
7051,片瀬山,35.317256,139.496052
7052,目白山下,35.31402,139.491533
7053,南高崎,36.31247,139.012315
7054,佐野のわたし,36.3024,139.018139
7055,根小屋,36.291114,139.019177
7056,高崎商科大学前,36.284295,139.029654
7057,山名,36.277587,139.038098
7058,西山名,36.270841,139.032046
7059,馬庭,36.261428,139.009321
7060,吉井(群馬),36.256036,138.984418
7061,西吉井,36.255753,138.965914
7062,上州新屋,36.256036,138.951776
7063,上州福島,36.256408,138.92944
7064,東富岡,36.260816,138.901898
7065,上州富岡,36.26046,138.891851
7066,西富岡,36.260182,138.882786
7067,上州七日市,36.258666,138.874536
7068,上州一ノ宮,36.253053,138.863924
7069,神農原,36.242629,138.843835
7070,南蛇井,36.23826,138.813838
7071,千平,36.230021,138.798543
7072,下仁田,36.210484,138.786681
7073,中央前橋,36.390915,139.07531
7074,城東,36.391212,139.081124
7075,三俣,36.393748,139.089192
7076,片貝,36.393982,139.095597
7077,上泉,36.39419,139.106598
7078,赤坂(群馬),36.39721,139.117324
7079,心臓血管センター,36.40559,139.129614
7080,江木,36.407209,139.133391
7081,大胡,36.412673,139.156263
7082,樋越,36.415459,139.173308
7083,北原,36.413681,139.184604
7084,新屋(群馬),36.413704,139.19657
7085,粕川,36.416818,139.210943
7086,膳,36.416821,139.22197
7087,新里(群馬),36.418543,139.236949
7088,新川(群馬),36.418288,139.257536
7089,東新川(群馬),36.422002,139.267591
7090,桐生球場前,36.41928,139.297864
7091,天王宿,36.414975,139.308054
7092,富士山下,36.413992,139.315828
7093,丸山下,36.416842,139.32128
7094,西桐生,36.414142,139.33269
7095,新津田沼,35.690184,140.023745
7096,前原,35.700666,140.027542
7097,薬園台,35.710271,140.037599
7098,習志野,35.715293,140.042787
7099,北習志野,35.721328,140.042195
7100,高根木戸,35.726625,140.034923
7101,高根公団,35.730436,140.029382
7102,滝不動,35.737957,140.02622
7103,三咲,35.749217,140.028514
7104,二和向台,35.753825,140.023731
7105,鎌ヶ谷大仏,35.757827,140.013823
7106,初富,35.771992,140.000493
7107,北初富,35.777235,139.992326
7108,くぬぎ山,35.782343,139.975707
7109,元山(千葉),35.790229,139.975831
7110,五香,35.797281,139.965796
7111,常盤平,35.803191,139.949522
7112,みのり台,35.789346,139.929466
7113,松戸新田,35.790652,139.922833
7114,上本郷,35.789524,139.916031
7115,下館二高前,36.319137,139.972193
7116,折本,36.340684,139.971232
7117,ひぐち,36.357882,139.970057
7118,久下田,36.37606,139.971756
7119,寺内,36.410876,139.980077
7120,真岡,36.439144,140.002632
7121,北真岡,36.44909,140.014061
7122,西田井,36.453407,140.04876
7123,北山(栃木),36.455665,140.067708
7124,益子,36.462965,140.088526
7125,七井,36.491814,140.09439
7126,多田羅,36.515922,140.089795
7127,市塙,36.538029,140.110218
7128,笹原田,36.533911,140.144837
7129,天矢場,36.529292,140.156109
7130,茂木,36.530851,140.181382
7131,市役所前(千葉),35.606878,140.107757
7132,栄町(千葉),35.612822,140.118592
7133,葭川公園,35.608551,140.120142
7134,県庁前(千葉),35.603958,140.12222
7135,千葉公園,35.619774,140.117944
7136,作草部,35.625806,140.115314
7137,天台,35.631447,140.112902
7138,穴川(千葉),35.639645,140.111849
7139,スポーツセンター,35.643164,140.11611
7140,動物公園,35.642585,140.125437
7141,みつわ台,35.6387,140.134873
7142,桜木(千葉),35.631308,140.160935
7143,小倉台,35.627755,140.171873
7144,千城台北,35.627436,140.181972
7145,千城台,35.622314,140.18856
7146,小金城趾,35.83601,139.916887
7147,鰭ヶ崎,35.840948,139.911121
7148,平和台(千葉),35.85123,139.901108
7149,流山,35.855771,139.901766
7150,松が谷,35.63169,139.422201
7151,大塚-帝京大学,35.636878,139.416461
7152,中央大学-明星大学,35.64197,139.408672
7153,程久保,35.655093,139.410698
7154,万願寺,35.671249,139.420079
7155,甲州街道,35.678262,139.409191
7156,柴崎体育館,35.689475,139.409191
7157,立川南,35.696077,139.412546
7158,立川北,35.699502,139.41254
7159,高松(東京),35.710158,139.413242
7160,立飛,35.714717,139.417387
7161,泉体育館,35.718775,139.419525
7162,砂川七番,35.723319,139.418097
7163,桜街道,35.739,139.416653
7164,上北台,35.745824,139.415822
7165,仲ノ町,35.728813,140.833871
7166,観音,35.728952,140.840112
7167,本銚子,35.731055,140.847844
7168,笠上黒生,35.728427,140.856893
7169,西海鹿島,35.725131,140.860207
7170,海鹿島,35.722089,140.863096
7171,君ヶ浜,35.714093,140.860527
7172,犬吠,35.706258,140.860935
7173,外川,35.699314,140.857322
7174,天王洲アイル,35.622908,139.750675
7175,大井競馬場前,35.595006,139.74708
7176,流通センター,35.58186,139.748964
7177,昭和島,35.570656,139.749918
7178,整備場,35.555125,139.753366
7179,新整備場,35.542773,139.786777
7180,東雲(東京),35.640987,139.804395
7181,国際展示場,35.63441,139.791617
7182,東京テレポート,35.62753,139.778896
7183,品川シーサイド,35.608524,139.749549
7184,東海神,35.705888,139.980343
7185,飯山満,35.71407,140.0223
7186,船橋日大前,35.726931,140.058962
7187,八千代緑が丘,35.728884,140.073461
7188,八千代中央,35.727807,140.103713
7189,村上(千葉),35.72371,140.118375
7190,箱根板橋,35.245169,139.145169
7191,風祭,35.246229,139.129104
7192,入生田,35.240894,139.121244
7193,箱根湯本,35.233555,139.103743
7194,塔ノ沢,35.234521,139.094016
7195,大平台,35.238664,139.073849
7196,宮ノ下,35.241913,139.063052
7197,小涌谷,35.240374,139.053162
7198,彫刻の森,35.246529,139.050856
7199,強羅,35.25085,139.048162
7200,新柴又,35.75101,139.879376
7201,矢切,35.757503,139.899742
7202,北国分,35.762916,139.914252
7203,秋山,35.765299,139.930723
7204,松飛台,35.775377,139.957739
7205,大町(千葉),35.775103,139.973567
7206,西白井,35.784364,140.031545
7207,白井,35.784723,140.0541
7208,小室,35.787004,140.076073
7209,印西牧の原,35.803608,140.166911
7210,龍王峡,36.860909,139.718542
7211,川治温泉,36.884036,139.703775
7212,川治湯元,36.895126,139.702772
7213,湯西川温泉,36.929482,139.68824
7214,中三依温泉,36.985843,139.69614
7215,上三依塩原温泉口,37.014461,139.727168
7216,男鹿高原,37.04784,139.723845
7217,赤土小学校前,35.742454,139.768989
7218,足立小台,35.754658,139.770381
7219,扇大橋,35.763897,139.770808
7220,高野(東京),35.768359,139.770679
7221,江北(東京),35.774021,139.770306
7222,西新井大師西,35.781505,139.770094
7223,谷在家,35.788774,139.770043
7224,舎人公園,35.79623,139.770183
7225,舎人,35.8057,139.770108
7226,見沼代親水公園,35.814544,139.770719
7227,川和町,35.52802,139.548745
7228,都筑ふれあいの丘,35.536583,139.561359
7229,北山田(神奈川),35.561077,139.592258
7230,東山田,35.554302,139.604369
7231,高田(神奈川),35.549713,139.619944
7232,日吉本町,35.549883,139.633554
7233,上大月,35.609341,138.938128
7234,田野倉,35.593456,138.931271
7235,禾生,35.575175,138.929191
7236,赤坂(山梨),35.566093,138.916035
7237,都留市,35.557199,138.907525
7238,谷村町,35.550744,138.904631
7239,都留文科大学前,35.542531,138.896438
7240,十日市場(山梨),35.538881,138.887489
7241,東桂,35.536334,138.870758
7242,三つ峠,35.524291,138.84555
7243,寿,35.508442,138.82558
7244,葭池温泉前,35.502084,138.812212
7245,下吉田,35.497909,138.80366
7246,月江寺,35.493313,138.798105
7247,富士山,35.483536,138.795686
7248,富士急ハイランド,35.488974,138.782048
7249,河口湖,35.498231,138.768852
7250,魚沼丘陵,37.09614,138.877619
7251,美佐島,37.130996,138.789774
7252,しんざ,37.139675,138.768339
7253,まつだい,37.132209,138.613884
7254,ほくほく大島,37.146997,138.509551
7255,虫川大杉,37.154897,138.441409
7256,うらがわら,37.159285,138.419047
7257,大池いこいの森,37.18442,138.373406
7258,くびき,37.198168,138.361689
7259,軽井沢,36.342889,138.635096
7260,中軽井沢,36.347576,138.593147
7261,信濃追分,36.335538,138.558582
7262,御代田,36.318986,138.50619
7263,平原,36.308606,138.453926
7264,滋野,36.342586,138.363543
7265,田中,36.354433,138.329414
7266,大屋,36.369566,138.297109
7267,信濃国分寺,36.378592,138.273385
7268,上田,36.396579,138.249298
7269,西上田,36.417318,138.20855
7270,テクノさかき,36.440584,138.188204
7271,坂城,36.46195,138.181315
7272,戸倉,36.492913,138.153017
7273,千曲,36.509039,138.141661
7274,屋代,36.532062,138.128191
7275,屋代高校前,36.547853,138.132489
7276,城下(長野),36.392454,138.242712
7277,三好町,36.391712,138.235585
7278,赤坂上,36.391301,138.227224
7279,上田原,36.390488,138.221439
7280,寺下,36.38388,138.21634
7281,神畑,36.377841,138.216965
7282,大学前(長野),36.371287,138.215171
7283,下之郷,36.363249,138.217227
7284,中塩田,36.363212,138.204728
7285,塩田町,36.360888,138.198445
7286,中野(長野),36.360654,138.193438
7287,舞田,36.359621,138.18288
7288,八木沢,36.358365,138.175786
7289,別所温泉,36.353121,138.161924
7290,市役所前(長野),36.649141,138.191488
7291,権堂,36.653088,138.19188
7292,善光寺下,36.658673,138.193513
7293,本郷(長野),36.662567,138.204014
7294,桐原(長野),36.665642,138.21303
7295,信濃吉田,36.667428,138.220904
7296,朝陽,36.666326,138.240635
7297,附属中学前,36.662488,138.248298
7298,柳原(長野),36.663438,138.258317
7299,村山(長野),36.659295,138.279556
7300,日野(長野),36.655621,138.289574
7301,須坂,36.656841,138.304239
7302,北須坂,36.678283,138.308705
7303,小布施,36.698942,138.312771
7304,都住,36.704122,138.322086
7305,桜沢(長野),36.712641,138.349642
7306,延徳,36.726973,138.362693
7307,信州中野,36.74476,138.364901
7308,中野松川,36.750615,138.374252
7309,信濃竹原,36.761045,138.393672
7310,夜間瀬,36.759998,138.403322
7311,上条(長野),36.749641,138.407619
7312,湯田中,36.741659,138.414877
7313,東屋代,36.542321,138.132084
7314,雨宮,36.548865,138.14809
7315,岩野,36.560628,138.162877
7316,象山口,36.561209,138.188596
7317,松代,36.565876,138.198083
7318,金井山,36.591282,138.201443
7319,大室,36.601024,138.223692
7320,信濃川田,36.605488,138.238512
7321,若穂,36.610779,138.252938
7322,綿内,36.625075,138.25961
7323,井上,36.638376,138.280758
7324,西松本,36.227111,137.963299
7325,渚(長野),36.227169,137.956006
7326,信濃荒井,36.229019,137.949484
7327,大庭,36.226961,137.941346
7328,下新,36.22513,137.922564
7329,北新-松本大学前,36.219816,137.913823
7330,新村,36.216441,137.905304
7331,三溝,36.212863,137.891469
7332,森口,36.208136,137.881315
7333,下島(アルピコ交通),36.206131,137.871841
7334,波田,36.200358,137.856412
7335,渕東,36.195325,137.840313
7336,新島々,36.18977,137.821689
7337,稲荷町(富山),36.696597,137.231247
7338,新庄田中,36.697937,137.240918
7339,東新庄,36.698644,137.253021
7340,越中荏原,36.698978,137.266222
7341,越中三郷,36.703309,137.290792
7342,越中舟橋,36.705725,137.306632
7343,寺田(富山),36.698852,137.319145
7344,越中泉,36.699905,137.327245
7345,相ノ木,36.701963,137.335472
7346,新相ノ木,36.703128,137.342278
7347,上市,36.704463,137.357603
7348,新宮川,36.717292,137.351128
7349,中加積,36.735309,137.350947
7350,西加積,36.746405,137.340139
7351,西滑川,36.755579,137.334617
7352,中滑川,36.761992,137.339963
7353,浜加積,36.77743,137.361411
7354,早月加積,36.784082,137.372079
7355,越中中村,36.790673,137.382688
7356,西魚津,36.803775,137.394653
7357,電鉄魚津,36.815113,137.400288
7358,新魚津,36.82657,137.405459
7359,経田,36.848846,137.416203
7360,電鉄石田,36.865928,137.423194
7361,電鉄黒部,36.874091,137.444125
7362,東三日市,36.874677,137.450908
7363,荻生,36.875038,137.459221
7364,長屋,36.873678,137.470803
7365,新黒部,36.873175,137.480115
7366,舌山,36.87187,137.485948
7367,若栗,36.871151,137.493175
7368,栃屋,36.869788,137.505842
7369,浦山,36.8634,137.519407
7370,下立口,36.859571,137.532908
7371,下立,36.857707,137.541396
7372,愛本,36.855975,137.553769
7373,内山,36.846826,137.556733
7374,音沢,36.840716,137.559833
7375,宇奈月温泉,36.815694,137.583541
7376,宇奈月,36.815038,137.58586
7377,稚子塚,36.686595,137.317515
7378,田添,36.679759,137.317768
7379,五百石,36.665361,137.314097
7380,榎町,36.657559,137.316519
7381,下段,36.647899,137.317735
7382,釜ヶ淵,36.633317,137.319288
7383,沢中山,36.622207,137.320972
7384,岩峅寺,36.608214,137.319922
7385,横江,36.582175,137.335605
7386,千垣,36.573752,137.373843
7387,有峰口,36.573066,137.380218
7388,本宮(富山),36.574919,137.395716
7389,立山,36.583253,137.445234
7390,栄町(富山),36.692031,137.233495
7391,不二越,36.687848,137.232453
7392,大泉(富山),36.677719,137.228979
7393,南富山,36.670406,137.2205
7394,南富山駅前,36.670484,137.22044
7395,朝菜町,36.660579,137.224883
7396,上堀,36.65338,137.230127
7397,小杉(富山地方鉄道),36.649433,137.233164
7398,布市,36.645178,137.235455
7399,開発,36.636207,137.242854
7400,月岡(富山),36.626475,137.263341
7401,大庄,36.619565,137.275618
7402,上滝,36.609622,137.295564
7403,大川寺,36.608322,137.308721
7404,黒薙,36.786638,137.624738
7405,鐘釣,36.734378,137.651315
7406,欅平,36.696732,137.658179
7407,丸の内(富山),36.692563,137.208896
7408,大町(富山),36.673066,137.220483
7409,国際会議場前,36.691654,137.21139
7410,堀川小泉,36.675647,137.219281
7411,大手モール,36.689388,137.211334
7412,小泉町(富山),36.678745,137.217779
7413,グランドプラザ前,36.688923,137.213386
7414,西中野,36.680844,137.216663
7415,広貫堂前,36.683357,137.215934
7416,中町,36.69001,137.215649
7417,上本町,36.686282,137.215762
7418,荒町,36.691513,137.215805
7419,西町,36.689001,137.215676
7420,桜橋(富山),36.69461,137.215934
7421,電気ビル前,36.697432,137.216105
7422,地鉄ビル前,36.698584,137.216105
7423,新富町(富山),36.69886,137.211256
7424,県庁前(富山),36.695728,137.20984
7425,諏訪川原,36.692322,137.206535
7426,安野屋,36.692523,137.204377
7427,トヨタモビリティ富山-Gスクエア五福前(五福末広町),36.695697,137.194432
7428,富山大学前,36.698688,137.191129
7429,末広町(富山),36.744825,137.013148
7430,片原町(富山),36.746389,137.012838
7431,坂下町,36.747367,137.014585
7432,急患医療センター前,36.750684,137.018739
7433,広小路(富山),36.752566,137.020615
7434,志貴野中学校前,36.755648,137.023759
7435,市民病院前,36.758196,137.0261
7436,江尻,36.762294,137.030599
7437,旭ヶ丘(富山),36.763965,137.032469
7438,荻布,36.76682,137.035619
7439,新能町,36.770258,137.037713
7440,米島口,36.773,137.038718
7441,能町口,36.773239,137.049031
7442,新吉久,36.776086,137.052839
7443,吉久,36.782018,137.056369
7444,中伏木,36.788224,137.061655
7445,六渡寺,36.788935,137.066443
7446,庄川口,36.784433,137.070729
7447,第一イン新湊-クロスベイ前,36.781235,137.0785
7448,新町口,36.778983,137.084259
7449,中新湊,36.775148,137.088617
7450,東新湊,36.777825,137.099368
7451,海王丸,36.776726,137.105331
7452,越ノ潟,36.774704,137.111839
7453,富山駅北,36.70249,137.214003
7454,オークスカナルパークホテル富山前,36.703549,137.214567
7455,インテック本社前,36.703556,137.216685
7456,龍谷富山高校前(永楽町),36.702972,137.21964
7457,奥田中学校前,36.703522,137.223637
7458,下奥井,36.711311,137.224478
7459,粟島(大阪屋ショップ前),36.719391,137.224796
7460,越中中島,36.722121,137.224844
7461,城川原,36.731103,137.226082
7462,犬島新町,36.735445,137.22662
7463,蓮町(馬場記念公園前),36.742663,137.227463
7464,萩浦小学校前,36.748602,137.228643
7465,東岩瀬,36.751935,137.230479
7466,競輪場前(富山),36.757454,137.233907
7467,岩瀬浜,36.761212,137.23409
7468,野町,36.553779,136.644309
7469,西泉,36.553445,136.633524
7470,新西金沢,36.553067,136.622688
7471,押野,36.541805,136.622114
7472,野々市(北陸鉄道),36.536459,136.620891
7473,野々市工大前,36.532336,136.621767
7474,馬替,36.522935,136.620576
7475,額住宅前,36.518507,136.618851
7476,乙丸,36.511853,136.617681
7477,四十万,36.498879,136.615684
7478,陽羽里,36.493628,136.614869
7479,曽谷,36.490028,136.614407
7480,道法寺,36.484315,136.613535
7481,井口(石川),36.476282,136.612307
7482,小柳(石川),36.470639,136.611466
7483,日御子,36.46479,136.615199
7484,鶴来,36.452178,136.623818
7485,七ツ屋,36.583108,136.651752
7486,上諸江,36.590835,136.648941
7487,磯部(石川),36.596554,136.648313
7488,割出,36.602619,136.648474
7489,三口,36.606572,136.647579
7490,三ツ屋,36.611941,136.645538
7491,大河端,36.616701,136.643368
7492,北間,36.622625,136.641265
7493,蚊爪,36.625886,136.64319
7494,粟ヶ崎,36.630224,136.638149
7495,内灘,36.63336,136.63416
7496,田鶴浜,37.065719,136.891193
7497,笠師保,37.079288,136.857587
7498,能登中島,37.109174,136.853339
7499,西岸,37.147604,136.87443
7500,能登鹿島,37.179723,136.897879
7501,穴水,37.228015,136.904592
7502,新福井,36.064722,136.226667
7503,福井口,36.071389,136.233194
7504,越前開発,36.075358,136.241275
7505,越前新保,36.080392,136.251314
7506,追分口,36.082478,136.261507
7507,東藤島,36.086686,136.269837
7508,越前島橋,36.089967,136.277123
7509,観音町(福井),36.091726,136.289913
7510,松岡,36.09402,136.301703
7511,志比堺,36.097792,136.311021
7512,永平寺口,36.095849,136.32678
7513,下志比,36.090674,136.336346
7514,光明寺,36.088463,136.344586
7515,轟,36.08688,136.361071
7516,越前野中,36.082887,136.37685
7517,山王(福井),36.079143,136.39243
7518,越前竹原,36.073945,136.413023
7519,小舟渡,36.075553,136.434054
7520,保田(福井),36.069838,136.451611
7521,発坂,36.072643,136.465684
7522,比島,36.066011,136.483574
7523,勝山,36.056362,136.492079
7524,まつもと町屋,36.076944,136.228889
7525,西別院,36.07516,136.222704
7526,田原町(福井),36.074888,136.21738
7527,福大前西福井,36.074218,136.210339
7528,日華化学前,36.080945,136.206479
7529,八ツ島,36.086407,136.205943
7530,新田塚,36.092483,136.205299
7531,中角,36.10111,136.204591
7532,鷲塚針原,36.12061,136.204793
7533,太郎丸エンゼルランド,36.131298,136.20574
7534,西春江ハートピア,36.138964,136.206187
7535,西長田ゆりの里,36.153615,136.206472
7536,下兵庫こうふく,36.170129,136.202507
7537,大関,36.186574,136.203687
7538,本荘,36.205011,136.202881
7539,番田(福井),36.212358,136.202333
7540,あわら湯のまち,36.223159,136.193695
7541,水居,36.219081,136.172019
7542,三国神社,36.214773,136.158037
7543,三国(福井),36.217012,136.149615
7544,三国港,36.220264,136.140049
7545,たけふ新,35.906426,136.170274
7546,北府,35.910114,136.166563
7547,スポーツ公園,35.919093,136.168105
7548,家久,35.925988,136.17054
7549,サンドーム西,35.936514,136.180564
7550,西鯖江,35.946352,136.1819
7551,西山公園,35.952437,136.185833
7552,水落,35.962308,136.183191
7553,神明(福井),35.972731,136.181885
7554,鳥羽中,35.981522,136.187556
7555,三十八社,35.989143,136.193805
7556,泰澄の里,35.999195,136.198257
7557,浅水,36.006724,136.201737
7558,ハーモニーホール,36.014187,136.205433
7559,清明,36.022222,136.209444
7560,江端,36.028391,136.212379
7561,ベル前,36.033685,136.213882
7562,花堂,36.040851,136.215176
7563,赤十字前,36.048683,136.216623
7564,商工会議所前,36.053613,136.215014
7565,足羽山公園口,36.057737,136.215109
7566,福井城址大名町,36.063523,136.217566
7567,仁愛女子高校,36.069319,136.218058
7568,谷浜,37.162399,138.173867
7569,有間川,37.163323,138.136553
7570,名立,37.15584,138.092649
7571,筒石,37.127473,138.060768
7572,能生,37.096049,137.988405
7573,浦本,37.073935,137.939659
7574,梶屋敷,37.056577,137.905738
7575,えちご押上ひすい海岸,37.048182,137.87848
7576,青海(新潟),37.022469,137.795622
7577,親不知,37.006818,137.738104
7578,市振,36.980448,137.650373
7579,春日山,37.148042,138.234922
7580,高田(新潟),37.115226,138.242018
7581,南高田,37.096766,138.242973
7582,上越妙高,37.081599,138.248231
7583,北新井,37.05296,138.257699
7584,新井(新潟),37.026738,138.255614
7585,二本木,36.989608,138.232765
7586,関山,36.933048,138.226415
7587,妙高高原,36.872175,138.211953
7588,倶利伽羅,36.672489,136.791605
7589,石動,36.672492,136.865859
7590,福岡,36.708239,136.932079
7591,西高岡,36.724295,136.965295
7592,高岡やぶなみ,36.737348,136.989049
7593,高岡,36.740948,137.015274
7594,越中大門,36.733818,137.055904
7595,小杉(あいの風とやま鉄道線),36.720947,137.092767
7596,呉羽,36.718845,137.164874
7597,新富山口,36.719864,137.240531
7598,東富山,36.741589,137.248953
7599,水橋,36.743454,137.298404
7600,滑川,36.769318,137.348666
7601,東滑川,36.787987,137.37805
7602,魚津,36.82642,137.405693
7603,黒部,36.869322,137.434393
7604,生地,36.906031,137.426534
7605,西入善,36.930124,137.459298
7606,入善,36.941296,137.499
7607,泊(富山),36.951897,137.556179
7608,越中宮崎,36.973863,137.599423
7609,東金沢,36.593652,136.669806
7610,森本,36.612144,136.689489
7611,南伊東,34.95757,139.087893
7612,川奈,34.950906,139.124936
7613,富戸,34.91005,139.131676
7614,城ヶ崎海岸,34.889878,139.1217
7615,伊豆高原,34.87732,139.107961
7616,伊豆大川,34.843208,139.074014
7617,伊豆北川,34.827174,139.075487
7618,伊豆熱川,34.817042,139.069307
7619,片瀬白田,34.801783,139.06122
7620,伊豆稲取,34.774546,139.037108
7621,今井浜海岸,34.753714,139.004692
7622,河津,34.747711,138.996179
7623,稲梓,34.722066,138.949399
7624,蓮台寺,34.699634,138.941274
7625,伊豆急下田,34.679647,138.944274
7626,三島広小路,35.119272,138.911202
7627,三島田町,35.116205,138.918421
7628,三島二日町,35.111039,138.926001
7629,大場,35.092569,138.939414
7630,伊豆仁田,35.078821,138.941509
7631,原木,35.065653,138.943695
7632,韮山,35.053547,138.945467
7633,伊豆長岡,35.039907,138.947539
7634,田京,35.014551,138.945767
7635,大仁,34.994467,138.937527
7636,牧之郷,34.988677,138.954317
7637,修善寺,34.979091,138.950545
7638,ジヤトコ前(ジヤトコ１地区前),35.157775,138.690076
7639,吉原本町,35.160821,138.689774
7640,本吉原,35.161946,138.692716
7641,岳南原田,35.166076,138.704517
7642,比奈,35.161485,138.713602
7643,岳南富士岡,35.160949,138.723356
7644,須津,35.160444,138.733944
7645,神谷,35.16103,138.74303
7646,岳南江尾,35.155261,138.751793
7647,新静岡,34.975823,138.387423
7648,日吉町,34.977017,138.391114
7649,音羽町,34.978387,138.395775
7650,春日町,34.978387,138.400544
7651,柚木(静岡鉄道),34.981891,138.406084
7652,長沼(静岡),34.989069,138.412884
7653,古庄,34.992855,138.419581
7654,県総合運動場,34.993375,138.430113
7655,県立美術館前,34.997494,138.438088
7656,御門台,35.007902,138.452464
7657,狐ヶ崎,35.011488,138.459739
7658,桜橋(静岡),35.013107,138.477573
7659,入江岡,35.014891,138.481264
7660,新清水,35.017054,138.487539
7661,掛川市役所前,34.770289,138.000143
7662,西掛川,34.771952,137.99501
7663,桜木(静岡),34.778216,137.972764
7664,いこいの広場,34.788103,137.963773
7665,細谷(静岡),34.792705,137.961606
7666,原谷,34.808434,137.955023
7667,原田(静岡),34.820183,137.952911
7668,戸綿,34.831311,137.931038
7669,遠州森,34.8311,137.924297
7670,森町病院前,34.826155,137.917732
7671,円田,34.820793,137.907574
7672,遠江一宮,34.818045,137.889145
7673,敷地,34.826218,137.864355
7674,豊岡(静岡),34.837105,137.839758
7675,上野部,34.847442,137.830058
7676,天竜二俣,34.859118,137.820045
7677,二俣本町,34.859504,137.813015
7678,西鹿島,34.846758,137.807988
7679,岩水寺,34.837705,137.792537
7680,宮口,34.830389,137.773731
7681,フルーツパーク,34.834406,137.731976
7682,都田,34.828223,137.718272
7683,常葉大学前,34.81989,137.709231
7684,金指,34.816951,137.681103
7685,岡地,34.812295,137.665686
7686,気賀,34.80722,137.651937
7687,西気賀,34.802323,137.621523
7688,寸座,34.790102,137.612523
7689,浜名湖佐久米,34.789146,137.599286
7690,東都筑,34.790412,137.586571
7691,都筑,34.79585,137.574516
7692,三ヶ日,34.802565,137.551705
7693,奥浜名湖,34.795068,137.545934
7694,尾奈,34.783958,137.541755
7695,知波田,34.753069,137.511873
7696,大森(静岡),34.737865,137.509636
7697,アスモ前,34.727685,137.49405
7698,第一通り,34.707477,137.732845
7699,遠州病院,34.710657,137.73327
7700,八幡(静岡),34.717012,137.73598
7701,助信,34.724539,137.738608
7702,曳馬,34.733254,137.741254
7703,上島,34.74157,137.745229
7704,自動車学校前,34.747489,137.751625
7705,さぎの宮,34.757275,137.757327
7706,積志,34.768082,137.763409
7707,遠州西ヶ崎,34.776821,137.773905
7708,遠州小松,34.784264,137.777838
7709,浜北,34.791358,137.784356
7710,美薗中央公園,34.798208,137.789764
7711,遠州小林,34.808374,137.795538
7712,遠州芝本,34.823601,137.798597
7713,遠州岩水寺,34.834373,137.801131
7714,新金谷,34.825737,138.137645
7715,代官町,34.835493,138.126102
7716,日切,34.839012,138.122394
7717,合格,34.844806,138.120771
7718,門出,34.850162,138.119231
7719,神尾,34.882842,138.101595
7720,福用,34.901881,138.090124
7721,大和田(静岡),34.921104,138.08215
7722,家山,34.940071,138.077764
7723,抜里,34.953373,138.087672
7724,川根温泉笹間渡,34.962291,138.086114
7725,地名,34.986019,138.087252
7726,塩郷,34.997664,138.090612
7727,下泉,35.022064,138.090078
7728,田野口,35.0513,138.095416
7729,駿河徳山,35.074758,138.110516
7730,青部,35.089592,138.115473
7731,崎平,35.091803,138.127411
7732,千頭,35.107754,138.13656
7733,川根両国,35.116836,138.140592
7734,沢間,35.124705,138.134365
7735,土本,35.136057,138.139186
7736,川根小山,35.141753,138.14106
7737,奥泉,35.149739,138.147796
7738,アプトいちしろ,35.167514,138.144825
7739,長島ダム,35.168787,138.157124
7740,ひらんだ,35.164806,138.167507
7741,奥大井湖上,35.1682,138.180792
7742,接岨峡温泉,35.178821,138.185177
7743,尾盛,35.192131,138.174369
7744,閑蔵,35.191737,138.194189
7745,井川,35.212242,138.221111
7746,小本,35.14921,136.861331
7747,荒子,35.139992,136.861676
7748,南荒子,35.131707,136.861771
7749,中島(愛知),35.125144,136.861346
7750,港北,35.114529,136.862739
7751,荒子川公園,35.104569,136.861148
7752,稲永,35.091418,136.863203
7753,野跡,35.075253,136.854136
7754,金城ふ頭,35.048775,136.849009
7755,尾張星の宮,35.212988,136.855011
7756,小田井,35.221043,136.880491
7757,比良(愛知),35.228549,136.90178
7758,味美(東海交通事業),35.229504,136.932263
7759,六名,34.941132,137.152004
7760,北岡崎,34.972301,137.157736
7761,大門(愛知),34.982411,137.154883
7762,北野桝塚,34.996289,137.139457
7763,三河上郷,35.012384,137.132756
7764,永覚,35.027361,137.138983
7765,末野原,35.03949,137.146866
7766,三河豊田,35.0554,137.150934
7767,新上挙母,35.071732,137.151206
7768,新豊田,35.088041,137.153524
7769,愛環梅坪,35.105056,137.160781
7770,四郷,35.12211,137.162635
7771,貝津,35.133089,137.148091
7772,保見,35.136665,137.134363
7773,篠原(愛知),35.155171,137.120592
7774,八草,35.175404,137.106945
7775,山口(愛知),35.197656,137.102089
7776,瀬戸口,35.206679,137.081866
7777,中水野,35.250399,137.071947
7778,藤が丘(愛知),35.182113,137.02171
7779,はなみずき通,35.17767,137.035369
7780,杁ヶ池公園,35.171788,137.037866
7781,長久手古戦場,35.171574,137.049932
7782,芸大通,35.171938,137.061092
7783,公園西,35.174403,137.076737
7784,愛-地球博記念公園,35.177948,137.08796
7785,陶磁資料館南,35.179286,137.097099
7786,高畑,35.139161,136.853466
7787,岩塚,35.158459,136.854406
7788,中村公園,35.16783,136.855056
7789,中村日赤,35.172385,136.861733
7790,本陣,35.177135,136.866782
7791,亀島,35.177526,136.876756
7792,伏見(愛知),35.169273,136.897427
7793,新栄町(愛知),35.170729,136.920377
7794,今池(愛知),35.169919,136.937331
7795,池下,35.167675,136.946486
7796,覚王山,35.166565,136.953708
7797,本山(愛知),35.163923,136.963441
7798,東山公園(愛知),35.160454,136.972873
7799,星ヶ丘(愛知),35.162399,136.985095
7800,一社,35.168231,136.995927
7801,上社,35.173656,137.007081
7802,本郷(愛知),35.175453,137.013425
7803,ナゴヤドーム前矢田,35.190691,136.945255
7804,平安通,35.195934,136.929784
7805,志賀本通,35.196281,136.92121
7806,黒川(愛知),35.197183,136.910178
7807,名城公園,35.190528,136.904748
7808,名古屋城,35.18156,136.905379
7809,久屋大通,35.173784,136.908156
7810,矢場町,35.163785,136.90899
7811,上前津,35.157477,136.906815
7812,東別院,35.150453,136.904824
7813,西高蔵,35.134622,136.901769
7814,熱田神宮西,35.127956,136.906769
7815,熱田神宮伝馬町,35.120735,136.91038
7816,堀田(名古屋市交通局),35.116644,136.921685
7817,妙音通,35.117125,136.929545
7818,新瑞橋,35.117734,136.936603
7819,瑞穂運動場東,35.123167,136.948685
7820,総合リハビリセンター,35.130536,136.954523
7821,八事,35.136946,136.964036
7822,八事日赤,35.144556,136.965008
7823,名古屋大学,35.154261,136.96658
7824,自由ヶ丘,35.174961,136.966762
7825,茶屋ヶ坂,35.184612,136.962254
7826,砂田橋,35.188861,136.953999
7827,日比野(名古屋市交通局),35.132711,136.893125
7828,六番町,35.124623,136.888715
7829,東海通,35.113388,136.887336
7830,港区役所,35.105736,136.88455
7831,築地口,35.099348,136.883162
7832,名古屋港,35.09348,136.881971
7833,庄内緑地公園,35.215186,136.886963
7834,庄内通,35.204476,136.891044
7835,浄心,35.192205,136.890819
7836,浅間町,35.18384,136.890335
7837,丸の内(愛知),35.173458,136.896944
7838,大須観音,35.160729,136.898158
7839,荒畑,35.149654,136.92593
7840,御器所,35.149585,136.934146
7841,川名,35.148703,136.948717
7842,いりなか,35.143234,136.955375
7843,塩釜口,35.132433,136.977529
7844,植田(名古屋市交通局),35.128649,136.987882
7845,原(愛知),35.126118,136.996714
7846,平針,35.122766,137.006904
7847,太閤通,35.167611,136.873126
7848,国際センター(愛知),35.172128,136.889375
7849,高岳,35.174062,136.915656
7850,車道,35.173507,136.929543
7851,吹上(愛知),35.158787,136.935376
7852,桜山,35.139695,136.933316
7853,瑞穂区役所,35.131793,136.93443
7854,瑞穂運動場西,35.124949,136.935477
7855,桜本町,35.109001,136.936761
7856,鶴里,35.105738,136.943433
7857,野並,35.102358,136.95549
7858,鳴子北,35.102684,136.966209
7859,相生山,35.102545,136.976208
7860,神沢,35.098518,136.98954
7861,徳重,35.094491,136.99815
7862,柳生橋,34.75479,137.38847
7863,小池,34.748891,137.388076
7864,愛知大学前,34.741682,137.385754
7865,南栄,34.73592,137.385446
7866,高師,34.727068,137.381674
7867,芦原,34.718433,137.380122
7868,植田(豊橋鉄道),34.711085,137.373047
7869,向ヶ丘,34.706351,137.367556
7870,大清水,34.695966,137.358863
7871,老津,34.692344,137.33536
7872,杉山,34.680301,137.320759
7873,やぐま台,34.673809,137.309427
7874,豊島,34.667459,137.293737
7875,神戸(愛知),34.668253,137.278044
7876,三河田原,34.666875,137.269172
7877,駅前大通,34.763209,137.385707
7878,新川(愛知),34.762857,137.389483
7879,札木,34.765959,137.390299
7880,市役所前(愛知),34.767369,137.392488
7881,豊橋公園前,34.766841,137.395406
7882,東八町,34.765924,137.400341
7883,前畑,34.765818,137.404718
7884,東田坂上,34.765783,137.408495
7885,東田,34.76536,137.413151
7886,競輪場前(愛知),34.765078,137.416778
7887,井原(愛知),34.764232,137.421885
7888,赤岩口,34.763403,137.429931
7889,運動公園前(愛知),34.75845,137.422314
7890,金屋,35.202551,136.956747
7891,川宮,35.210405,136.962047
7892,川村,35.214297,136.968591
7893,白沢渓谷,35.216121,136.978569
7894,小幡緑地,35.218785,136.982839
7895,東野(岐阜),35.446315,137.428788
7896,飯沼,35.418529,137.461257
7897,阿木,35.399759,137.458962
7898,飯羽間,35.387222,137.437468
7899,極楽,35.379944,137.432619
7900,岩村,35.368864,137.43434
7901,花白温泉,35.355071,137.407207
7902,山岡,35.350132,137.395679
7903,野志,35.321962,137.389516
7904,明智(明知鉄道),35.306169,137.387359
7905,前平公園,35.449771,137.001652
7906,加茂野,35.460927,136.985062
7907,富加,35.475144,136.969658
7908,関富岡,35.478588,136.944923
7909,関口,35.479976,136.928872
7910,せきてらす前,35.483434,136.914195
7911,関(岐阜),35.490027,136.912758
7912,関市役所前,35.499004,136.912787
7913,関下有知,35.513679,136.914582
7914,松森,35.526808,136.915367
7915,美濃市,35.539618,136.915525
7916,梅山,35.548981,136.918025
7917,湯の洞温泉口,35.571281,136.931192
7918,洲原,35.588954,136.944848
7919,母野,35.59875,136.942009
7920,木尾,35.606394,136.938467
7921,八坂(岐阜),35.620186,136.944966
7922,みなみ子宝温泉,35.627308,136.950618
7923,大矢,35.637327,136.95024
7924,福野(岐阜),35.646726,136.95172
7925,美並苅安,35.660686,136.955047
7926,赤池(岐阜),35.671021,136.960613
7927,深戸,35.686445,136.962498
7928,相生(岐阜),35.715114,136.95042
7929,郡上八幡,35.741877,136.947364
7930,自然園前,35.7702,136.931354
7931,山田(岐阜),35.789003,136.911709
7932,徳永,35.805087,136.903546
7933,郡上大和,35.815224,136.894872
7934,万場,35.833702,136.883093
7935,上万場,35.844429,136.876707
7936,大中,35.853775,136.868405
7937,大島(岐阜),35.868426,136.859039
7938,美濃白鳥,35.884946,136.860602
7939,白鳥高原,35.912617,136.843028
7940,白山長滝,35.919722,136.832312
7941,北濃,35.92994,136.829793
7942,東大垣,35.375338,136.646671
7943,横屋,35.386996,136.659479
7944,十九条,35.395737,136.660945
7945,美江寺,35.413387,136.661378
7946,北方真桑,35.439567,136.674271
7947,モレラ岐阜,35.455112,136.669729
7948,糸貫,35.462891,136.669704
7949,本巣,35.487599,136.670072
7950,織部,35.499017,136.667241
7951,木知原,35.517759,136.650153
7952,谷汲口,35.527552,136.642187
7953,神海,35.542487,136.641739
7954,高科,35.555099,136.641017
7955,鍋原,35.5659,136.636606
7956,日当,35.582304,136.631456
7957,高尾(岐阜),35.601806,136.625819
7958,水鳥,35.617813,136.620771
7959,樽見,35.635119,136.615827
7960,大矢知,35.022147,136.633382
7961,平津,35.028477,136.61843
7962,暁学園前,35.032798,136.605976
7963,山城,35.035272,136.588342
7964,保々,35.046774,136.565936
7965,北勢中央公園口,35.060519,136.566096
7966,梅戸井,35.075326,136.557033
7967,大安,35.09196,136.545376
7968,三里,35.107062,136.538651
7969,丹生川,35.122757,136.519744
7970,伊勢治田,35.133137,136.514419
7971,東藤原,35.147643,136.498904
7972,西野尻,35.16393,136.488224
7973,西藤原,35.170368,136.478181
7974,馬道,35.060705,136.676354
7975,西別所,35.059752,136.666043
7976,蓮花寺,35.059657,136.652189
7977,在良,35.060685,136.643731
7978,星川(三重),35.064398,136.630113
7979,七和,35.06888,136.615722
7980,穴太(三重),35.073032,136.604887
7981,東員,35.077945,136.587562
7982,大泉(三重),35.095044,136.57021
7983,楚原,35.110984,136.560349
7984,麻生田,35.133807,136.535628
7985,阿下喜,35.146177,136.518796
7986,鈴鹿,34.878513,136.589009
7987,玉垣,34.855104,136.570038
7988,鈴鹿サーキット稲生,34.841053,136.555154
7989,徳田(三重),34.826288,136.544077
7990,中瀬古,34.812167,136.543033
7991,伊勢上野,34.800444,136.542492
7992,河芸,34.781015,136.53099
7993,東一身田,34.758717,136.512126
7994,四十九,34.748194,136.137
7995,フジテック前,35.294672,136.285465
7996,鳥居本,35.284788,136.283031
7997,ひこね芹川,35.262195,136.260939
7998,彦根口,35.254741,136.25826
7999,高宮(滋賀),35.236266,136.260524
8000,尼子,35.213967,136.246148
8001,豊郷(滋賀),35.197863,136.230946
8002,愛知川,35.176119,136.213378
8003,五箇荘,35.154476,136.197146
8004,河辺の森,35.135353,136.196218
8005,八日市,35.114264,136.194582
8006,長谷野,35.095626,136.187561
8007,大学前(滋賀),35.087733,136.184698
8008,京セラ前,35.074748,136.180382
8009,桜川(滋賀),35.065052,136.187488
8010,朝日大塚,35.05106,136.193568
8011,朝日野,35.03154,136.20572
8012,日野(滋賀),35.012203,136.219457
8013,水口松尾,34.980224,136.18644
8014,水口,34.974238,136.17683
8015,水口石橋,34.970072,136.171625
8016,水口城南,34.968181,136.165648
8017,スクリーン,35.233142,136.267203
8018,多賀大社前,35.226442,136.284077
8019,新八日市,35.110356,136.191141
8020,太郎坊宮前,35.108608,136.183958
8021,市辺,35.103848,136.165641
8022,平田(滋賀),35.11023,136.146612
8023,武佐(滋賀),35.114894,136.130692
8024,紫香楽宮跡,34.915741,136.087967
8025,雲井,34.911249,136.084317
8026,勅旨,34.893681,136.073102
8027,玉桂寺前,34.885257,136.06938
8028,信楽,34.87713,136.061317
8029,トロッコ嵐山,35.017162,135.670252
8030,トロッコ保津峡,35.026148,135.646284
8031,トロッコ亀岡,35.01314,135.606751
8032,元田中,35.034968,135.781411
8033,茶山-京都芸術大学,35.038248,135.784508
8034,一乗寺,35.044247,135.787416
8035,修学院,35.050119,135.790297
8036,宝ヶ池,35.058054,135.792366
8037,三宅八幡,35.062387,135.796207
8038,八瀬比叡山口,35.065225,135.8085
8039,八幡前(京都),35.066358,135.79241
8040,岩倉(京都),35.071208,135.786616
8041,木野,35.071108,135.776525
8042,京都精華大前,35.073069,135.768909
8043,二軒茶屋(京都),35.077743,135.765876
8044,市原,35.088236,135.763118
8045,二ノ瀬,35.097657,135.763065
8046,貴船口,35.105923,135.763804
8047,鞍馬,35.113,135.772453
8048,福知山市民病院口,35.306573,135.108581
8049,荒河かしの木台,35.319394,135.105779
8050,牧(京都),35.337892,135.101751
8051,下天津(京都丹後鉄道),35.359587,135.111702
8052,公庄(京都丹後鉄道),35.371855,135.12912
8053,大江(京都),35.388798,135.147856
8054,大江高校前,35.395675,135.152486
8055,二俣,35.413495,135.154524
8056,大江山口内宮,35.432023,135.158251
8057,辛皮,35.462612,135.173161
8058,喜多,35.509318,135.187498
8059,宮村,35.523336,135.192134
8060,宮津,35.53441,135.199875
8061,天橋立,35.557729,135.182456
8062,岩滝口,35.55038,135.151297
8063,与謝野,35.543516,135.126469
8064,京丹後大宮,35.579324,135.093977
8065,峰山,35.625928,135.07214
8066,網野,35.667342,135.025599
8067,夕日ヶ浦木津温泉,35.650061,134.972332
8068,小天橋,35.630067,134.928425
8069,かぶと山,35.60685,134.919769
8070,久美浜,35.60235,134.894997
8071,コウノトリの郷,35.552816,134.835391
8072,国際会館,35.062942,135.785216
8073,松ヶ崎(京都),35.051657,135.777114
8074,北山(京都),35.051277,135.766329
8075,北大路,35.044972,135.75866
8076,鞍馬口,35.03739,135.759385
8077,今出川,35.030168,135.759385
8078,丸太町,35.016554,135.759537
8079,烏丸御池,35.010517,135.759638
8080,五条(京都),34.995252,135.759687
8081,九条(京都),34.979062,135.759664
8082,十条(京都市交通局),34.972168,135.759623
8083,くいな橋,34.962674,135.757441
8084,石田(京都),34.940569,135.803995
8085,醍醐(京都),34.950732,135.810769
8086,小野(京都),34.961218,135.812733
8087,椥辻,34.972675,135.814658
8088,東野(京都),34.981841,135.816602
8089,蹴上,35.008037,135.790227
8090,東山(京都),35.009425,135.780448
8091,京都市役所前,35.011003,135.768829
8092,二条城前,35.011892,135.750473
8093,西大路御池,35.010983,135.731181
8094,太秦天神川,35.010816,135.716085
8095,西大路三条,35.007855,135.732438
8096,山ノ内(京都),35.008336,135.72317
8097,嵐電天神川,35.010192,135.715227
8098,蚕ノ社,35.011894,135.712987
8099,太秦広隆寺,35.013513,135.708232
8100,帷子ノ辻,35.015146,135.700257
8101,有栖川,35.015249,135.694216
8102,車折神社,35.016763,135.688986
8103,鹿王院,35.01704,135.685236
8104,嵐電嵯峨,35.016426,135.681425
8105,嵐山(京福電気鉄道),35.015271,135.677698
8106,撮影所前,35.01575,135.702778
8107,常盤(京都),35.020296,135.704807
8108,鳴滝,35.023626,135.705793
8109,宇多野,35.027145,135.709731
8110,御室仁和寺,35.02639,135.714106
8111,妙心寺,35.026345,135.718011
8112,龍安寺,35.027862,135.721264
8113,等持院-立命館大学衣笠キャンパス前,35.027828,135.723797
8114,北野白梅町,35.027409,135.730846
8115,箕面萱野,34.831649,135.488976
8116,箕面船場阪大前,34.821526,135.490209
8117,千里中央,34.808655,135.495067
8118,桃山台,34.793842,135.497142
8119,緑地公園,34.774772,135.495278
8120,江坂,34.758755,135.497106
8121,絹延橋,34.834809,135.423025
8122,滝山,34.843075,135.421197
8123,鶯の森,34.847747,135.418888
8124,鼓滝,34.854735,135.418339
8125,多田(兵庫),34.860815,135.416497
8126,平野(兵庫),34.868719,135.417266
8127,一の鳥居,34.879599,135.419888
8128,畦野,34.884954,135.415594
8129,山下(兵庫),34.892926,135.412172
8130,笹部,34.893765,135.416269
8131,光風台(大阪),34.899887,135.431429
8132,ときわ台(大阪),34.906134,135.438195
8133,妙見口,34.911539,135.444597
8134,深井,34.530398,135.497461
8135,泉ヶ丘,34.497099,135.511575
8136,栂-美木多,34.485087,135.490286
8137,光明池,34.474712,135.475572
8138,和泉中央,34.461211,135.456063
8139,貝塚市役所前,34.439461,135.360497
8140,近義の里,34.436903,135.362892
8141,石才,34.430596,135.368205
8142,清児,34.424786,135.372127
8143,名越,34.421467,135.375027
8144,森(大阪),34.414246,135.38189
8145,三ツ松,34.411135,135.383387
8146,三ヶ山口,34.407247,135.385026
8147,水間観音,34.403528,135.385581
8148,東三国,34.741052,135.498496
8149,中津(OsakaMetro),34.711191,135.496938
8150,本町,34.681936,135.498982
8151,心斎橋,34.675012,135.50033
8152,大国町,34.656075,135.4978
8153,昭和町(大阪),34.633564,135.516954
8154,西田辺,34.621627,135.515152
8155,あびこ,34.598821,135.512747
8156,北花田,34.581873,135.516469
8157,新金岡,34.567447,135.514864
8158,大日,34.749476,135.578241
8159,守口,34.737973,135.563851
8160,太子橋今市,34.731376,135.55493
8161,千林大宮,34.723808,135.54913
8162,関目高殿,34.715197,135.545797
8163,野江内代,34.708951,135.538137
8164,都島,34.709087,135.525799
8165,中崎町,34.706864,135.505245
8166,谷町四丁目,34.681914,135.517253
8167,谷町六丁目,34.674923,135.516912
8168,谷町九丁目,34.667146,135.515801
8169,四天王寺前夕陽ヶ丘,34.658536,135.514134
8170,阿倍野,34.642374,135.51198
8171,文の里,34.636039,135.518024
8172,田辺,34.628215,135.525515
8173,駒川中野,34.621507,135.533036
8174,平野(OsakaMetro),34.621078,135.548887
8175,喜連瓜破,34.609376,135.551633
8176,出戸,34.609012,135.565801
8177,長原(大阪),34.602432,135.573853
8178,八尾南,34.597433,135.582464
8179,四ツ橋,34.674112,135.496783
8180,花園町,34.644371,135.496636
8181,岸里,34.634372,135.493859
8182,玉出,34.624096,135.490527
8183,北加賀屋,34.621318,135.478861
8184,住之江公園,34.609269,135.471879
8185,夢洲,34.652361,135.389944
8186,コスモスクエア,34.642888,135.412472
8187,大阪港,34.65388,135.434336
8188,朝潮橋,34.661035,135.448863
8189,阿波座,34.681483,135.486297
8190,堺筋本町,34.681867,135.506912
8191,緑橋,34.680756,135.545242
8192,深江橋,34.67909,135.557186
8193,西長堀,34.675256,135.487223
8194,今里(OsakaMetro),34.668617,135.544274
8195,新深江,34.668158,135.553836
8196,小路,34.661531,135.556245
8197,北巽,34.652982,135.554964
8198,南巽,34.643261,135.553298
8199,長堀橋,34.674645,135.506357
8200,恵美須町,34.65508,135.505575
8201,西大橋,34.675442,135.493575
8202,松屋町,34.675479,135.512467
8203,大阪ビジネスパーク,34.692144,135.529688
8204,蒲生四丁目,34.700368,135.547709
8205,今福鶴見,34.701913,135.560044
8206,横堤,34.703532,135.57274
8207,鶴見緑地,34.710754,135.580239
8208,門真南,34.716865,135.59246
8209,トレードセンター前,34.63865,135.412336
8210,中ふ頭,34.634091,135.417416
8211,ポートタウン西,34.630899,135.422777
8212,ポートタウン東,34.630882,135.429085
8213,フェリーターミナル,34.619253,135.434962
8214,南港東,34.613826,135.438607
8215,南港口,34.613826,135.445959
8216,平林(大阪),34.610683,135.458585
8217,大阪空港,34.791598,135.441821
8218,柴原阪大前,34.800266,135.458734
8219,少路,34.804246,135.47551
8220,万博記念公園(大阪),34.806692,135.530228
8221,宇野辺,34.808,135.554406
8222,沢良宜,34.793902,135.566166
8223,摂津,34.779842,135.561483
8224,南摂津,34.765394,135.568572
8225,公園東口,34.810427,135.539235
8226,阪大病院前,34.818474,135.530005
8227,豊川(大阪),34.834611,135.526778
8228,彩都西,34.855492,135.522931
8229,松虫,34.635458,135.509852
8230,東天下茶屋,34.632539,135.508475
8231,北畠,34.627245,135.505408
8232,姫松,34.624162,135.503203
8233,帝塚山三丁目,34.620568,135.500709
8234,帝塚山四丁目,34.617649,135.499051
8235,神ノ木,34.615844,135.496957
8236,住吉(大阪),34.61448,135.491846
8237,今池(大阪),34.645704,135.502339
8238,今船,34.642702,135.501611
8239,松田町,34.639197,135.500895
8240,北天下茶屋,34.636511,135.500234
8241,聖天坂,34.632909,135.499423
8242,天神ノ森,34.629603,135.49799
8243,塚西,34.623524,135.494651
8244,細井川,34.609978,135.491221
8245,安立町,34.605706,135.490188
8246,我孫子道,34.600379,135.488833
8247,大和川,34.594721,135.486764
8248,高須神社,34.590488,135.485184
8249,綾ノ町,34.587941,135.48315
8250,神明町,34.585277,135.48012
8251,妙国寺前,34.583444,135.478426
8252,花田口,34.581519,135.476651
8253,大小路,34.579158,135.474448
8254,宿院,34.576439,135.47196
8255,寺地町,34.573637,135.469335
8256,御陵前,34.570639,135.466605
8257,東湊,34.564737,135.462522
8258,石津北,34.560126,135.458805
8259,石津(大阪),34.555444,135.455075
8260,船尾(大阪),34.549914,135.450565
8261,花隈,34.686117,135.181524
8262,西元町,34.683897,135.17959
8263,高速神戸,34.679362,135.174441
8264,新開地,34.675981,135.169291
8265,大開,34.671179,135.161709
8266,高速長田,34.667254,135.151551
8267,西代,34.662374,135.144085
8268,湊川,34.679153,135.166426
8269,湊川公園,34.679188,135.167059
8270,長田(神戸電鉄),34.681605,135.149592
8271,丸山(兵庫),34.685913,135.143993
8272,鵯越,34.692576,135.142232
8273,鈴蘭台,34.723662,135.145867
8274,北鈴蘭台,34.739549,135.151917
8275,山の街,34.746171,135.153211
8276,箕谷,34.756969,135.155597
8277,谷上,34.761691,135.17142
8278,花山,34.769648,135.187308
8279,大池,34.780978,135.198693
8280,神鉄六甲,34.785205,135.206036
8281,唐櫃台,34.790297,135.211461
8282,有馬口,34.796477,135.221018
8283,有馬温泉,34.799385,135.245868
8284,五社,34.806253,135.216243
8285,岡場,34.821707,135.222443
8286,田尾寺,34.835664,135.226153
8287,二郎,34.848818,135.227017
8288,道場南口,34.856024,135.223137
8289,神鉄道場,34.866806,135.226145
8290,横山(兵庫),34.876633,135.219696
8291,三田本町,34.881805,135.229606
8292,フラワータウン,34.88546,135.202334
8293,南ウッディタウン,34.901729,135.189612
8294,ウッディタウン中央,34.909767,135.183707
8295,鈴蘭台西口,34.726356,135.140582
8296,西鈴蘭台,34.725836,135.135013
8297,藍那,34.732432,135.118033
8298,木津(兵庫),34.744106,135.088406
8299,木幡(兵庫),34.748308,135.071218
8300,栄(兵庫),34.75524,135.056544
8301,押部谷,34.756609,135.03932
8302,緑が丘(兵庫),34.765108,135.02571
8303,広野ゴルフ場前,34.770269,135.023069
8304,志染,34.782459,135.007598
8305,恵比須,34.797805,134.99861
8306,三木上の丸,34.800013,134.988814
8307,三木(神戸電鉄),34.799814,134.981477
8308,大村(兵庫),34.808707,134.97146
8309,樫山,34.820491,134.949736
8310,市場(神戸電鉄),34.824408,134.94436
8311,小野(兵庫),34.843172,134.934146
8312,葉多,34.850204,134.919852
8313,新神戸,34.706417,135.195758
8314,板宿,34.66006,135.133403
8315,東須磨,34.655241,135.127642
8316,月見山,34.649992,135.121949
8317,須磨寺,34.646031,135.116224
8318,須磨浦公園,34.637884,135.100145
8319,滝の茶屋,34.631071,135.072984
8320,東垂水,34.629216,135.063646
8321,霞ヶ丘(兵庫),34.63024,135.04275
8322,西舞子,34.638653,135.028187
8323,大蔵谷,34.646585,135.008367
8324,人丸前,34.647556,135.002592
8325,西新町,34.649661,134.980752
8326,林崎松江海岸,34.652289,134.965056
8327,藤江,34.663385,134.947571
8328,中八木,34.670832,134.936128
8329,江井ヶ島,34.679022,134.919879
8330,西江井ヶ島,34.685688,134.908105
8331,山陽魚住,34.689252,134.901953
8332,東二見,34.700359,134.887924
8333,西二見,34.707167,134.876927
8334,播磨町,34.716574,134.868159
8335,別府(兵庫),34.730206,134.850702
8336,浜の宮,34.74091,134.83397
8337,尾上の松,34.748576,134.820794
8338,高砂(兵庫),34.751978,134.802343
8339,荒井(兵庫),34.757833,134.793616
8340,伊保,34.767171,134.787048
8341,山陽曽根,34.77553,134.77321
8342,大塩,34.779346,134.757531
8343,的形,34.779882,134.742047
8344,八家,34.784144,134.72188
8345,白浜の宮,34.786822,134.707123
8346,妻鹿,34.792271,134.692969
8347,飾磨,34.799748,134.675401
8348,亀山(兵庫),34.810672,134.676765
8349,手柄,34.81986,134.681403
8350,西飾磨,34.803045,134.651176
8351,夢前川,34.798695,134.639457
8352,広畑,34.797736,134.62815
8353,山陽天満,34.796378,134.61741
8354,平松,34.790751,134.601001
8355,山陽網干,34.787002,134.587953
8356,日生中央,34.906447,135.393216
8357,国包,34.797397,134.9166
8358,宗佐,34.798175,134.922511
8359,下石野,34.797067,134.927631
8360,石野,34.794961,134.933939
8361,西這田,34.795028,134.95175
8362,別所,34.794461,134.96335
8363,高木(兵庫),34.793667,134.970381
8364,三木(三木鉄道),34.794672,134.977478
8365,網引,34.862022,134.877982
8366,田原,34.865486,134.866744
8367,法華口,34.875262,134.856384
8368,播磨下里,34.886258,134.840114
8369,長,34.896484,134.82566
8370,播磨横田,34.91048,134.825246
8371,北条町,34.929664,134.832617
8372,苔縄,34.896828,134.354083
8373,河野原円心,34.919603,134.352516
8374,久崎,34.960153,134.344237
8375,平福,35.044206,134.372079
8376,石井(兵庫),35.082257,134.357271
8377,宮本武蔵,35.101685,134.330389
8378,大原(岡山),35.123827,134.327553
8379,西粟倉,35.16094,134.335754
8380,あわくら温泉,35.188901,134.337011
8381,山郷,35.232581,134.288644
8382,恋山形,35.255641,134.279083
8383,妙法寺(兵庫),34.675194,135.110002
8384,名谷,34.67936,135.094725
8385,総合運動公園,34.68186,135.075838
8386,学園都市,34.681471,135.057687
8387,伊川谷,34.68785,135.041313
8388,西神南,34.699357,135.030286
8389,西神中央,34.719538,135.017367
8390,県庁前(兵庫),34.690916,135.183859
8391,大倉山(兵庫),34.684614,135.174527
8392,上沢,34.673251,135.158331
8393,長田(神戸市交通局),34.668503,135.151502
8394,駒ヶ林,34.652108,135.149554
8395,苅藻,34.65365,135.156598
8396,御崎公園,34.654641,135.164998
8397,中央市場前,34.666199,135.175866
8398,みなと元町,34.685875,135.183973
8399,旧居留地-大丸前,34.689369,135.189836
8400,貿易センター,34.689339,135.199469
8401,ポートターミナル,34.681501,135.202205
8402,中公園,34.673124,135.207483
8403,みなとじま,34.668863,135.210105
8404,市民広場,34.664897,135.212455
8405,医療センター,34.658578,135.216343
8406,計算科学センター(神戸どうぶつ王国-富岳前),34.654892,135.221865
8407,神戸空港,34.637194,135.229042
8408,南公園,34.664666,135.217007
8409,中埠頭,34.669266,135.217096
8410,北埠頭,34.673566,135.214632
8411,南魚崎,34.706751,135.267661
8412,アイランド北口,34.692853,135.26875
8413,アイランドセンター,34.689103,135.269347
8414,マリンパーク,34.684176,135.270077
8415,学門,33.89627,135.156604
8416,紀伊御坊,33.894292,135.154655
8417,市役所前(和歌山),33.889565,135.152905
8418,西御坊,33.886796,135.152991
8419,田中口,34.227262,135.192862
8420,日前宮,34.226457,135.201722
8421,神前(和歌山),34.212784,135.205092
8422,竈山,34.207229,135.20727
8423,交通センター前,34.203982,135.218027
8424,岡崎前,34.203524,135.22509
8425,吉礼,34.203329,135.235882
8426,伊太祈曽,34.204127,135.251653
8427,山東,34.20581,135.262077
8428,大池遊園,34.204706,135.285239
8429,西山口,34.209508,135.290871
8430,甘露寺前,34.213327,135.301292
8431,貴志,34.209509,135.311855
8432,井高野,34.760167,135.547353
8433,瑞光四丁目,34.752314,135.544614
8434,だいどう豊里,34.743805,135.544408
8435,清水(大阪),34.721644,135.560772
8436,新森古市,34.715197,135.558296
8437,栗田,35.543757,135.235291
8438,丹後由良,35.515736,135.279582
8439,丹後神崎,35.506463,135.293628
8440,東雲(京都),35.475018,135.284927
8441,四所,35.446154,135.290471
8442,八頭高校前,35.405799,134.246254
8443,因幡船岡,35.395187,134.249174
8444,隼,35.388707,134.270503
8445,安部,35.374526,134.291682
8446,八東,35.363572,134.316496
8447,徳丸,35.364323,134.335719
8448,丹比,35.360734,134.356175
8449,若桜,35.345253,134.398289
8450,出雲科学館パークタウン前,35.362844,132.766186
8451,大津町,35.36916,132.774315
8452,武志,35.388003,132.773251
8453,川跡,35.395127,132.776411
8454,大寺,35.404423,132.787326
8455,美談,35.412572,132.798006
8456,旅伏,35.42116,132.806899
8457,雲州平田,35.432312,132.823685
8458,布崎,35.450275,132.855049
8459,湖遊館新駅,35.452611,132.862037
8460,園,35.456158,132.868136
8461,一畑口,35.464605,132.882819
8462,伊野灘,35.461308,132.900862
8463,津ノ森,35.466378,132.919002
8464,高ノ宮,35.471792,132.930401
8465,松江フォーゲルパーク,35.474969,132.943716
8466,秋鹿町,35.477231,132.95672
8467,長江,35.479792,132.974399
8468,朝日ヶ丘,35.480865,132.987954
8469,松江イングリッシュガーデン前,35.477394,133.003643
8470,松江しんじ湖温泉,35.46731,133.046039
8471,高浜(島根),35.390677,132.746684
8472,遙堪,35.389312,132.725637
8473,浜山公園北口,35.38926,132.70829
8474,出雲大社前,35.393245,132.687531
8475,球場前(岡山),34.591143,133.747177
8476,西富井,34.577809,133.743361
8477,福井(岡山),34.569804,133.744495
8478,浦田(岡山),34.561271,133.749761
8479,弥生,34.544359,133.747534
8480,栄(岡山),34.53791,133.744915
8481,常盤(岡山),34.53401,133.743246
8482,水島,34.529169,133.741235
8483,三菱自工前,34.522906,133.734197
8484,川辺宿,34.632339,133.715068
8485,吉備真備,34.626784,133.692013
8486,備中呉妹,34.621587,133.661888
8487,三谷(岡山),34.61627,133.61964
8488,矢掛,34.629337,133.590057
8489,小田(岡山),34.60606,133.542558
8490,早雲の里荏原,34.596694,133.507816
8491,井原(岡山),34.592947,133.468906
8492,いずえ,34.587934,133.450677
8493,子守唄の里高屋,34.581726,133.433182
8494,御領(広島),34.564822,133.402319
8495,湯野,34.552754,133.38681
8496,西川緑道公園,34.665599,133.923018
8497,柳川,34.665635,133.925507
8498,城下(岡山),34.665599,133.929756
8499,県庁通り,34.662599,133.930485
8500,西大寺町-岡山芸術創造劇場ハレノワ前,34.658469,133.930528
8501,小橋,34.657657,133.936236
8502,中納言,34.657516,133.937824
8503,門田屋敷,34.65621,133.938811
8504,東山-おかでんミュージアム駅,34.656245,133.942759
8505,郵便局前,34.662634,133.92628
8506,田町(岡山),34.660658,133.926322
8507,新西大寺町筋,34.658504,133.92628
8508,大雲寺前,34.656492,133.926237
8509,東中央町,34.654445,133.926183
8510,清輝橋,34.651691,133.925807
8511,みどり中街,34.42771,132.594804
8512,みどり中央,34.430248,132.589435
8513,本通,34.393377,132.457003
8514,県庁前(広島),34.396863,132.458231
8515,城北,34.405407,132.458914
8516,白島(広島高速交通),34.411045,132.462674
8517,牛田(広島),34.417142,132.464585
8518,不動院前,34.426921,132.469306
8519,祇園新橋北,34.435148,132.47075
8520,西原(広島),34.44327,132.47478
8521,中筋,34.451869,132.477049
8522,古市(広島),34.457863,132.47508
8523,毘沙門台,34.469417,132.462827
8524,安東,34.475169,132.453067
8525,上安,34.475735,132.444662
8526,高取,34.475132,132.438102
8527,長楽寺,34.472782,132.4306
8528,伴,34.469996,132.419667
8529,大原(広島),34.462852,132.412354
8530,伴中央,34.455514,132.405038
8531,大塚(広島),34.441466,132.402702
8532,広域公園前,34.43538,132.400089
8533,猿猴橋町,34.395047,132.475977
8534,的場町,34.393277,132.475076
8535,稲荷町(広島),34.392569,132.471728
8536,銀山町,34.393227,132.466901
8537,胡町,34.393401,132.465076
8538,八丁堀(広島),34.393897,132.463403
8539,立町,34.394569,132.460871
8540,紙屋町東,34.395101,132.458167
8541,袋町,34.391187,132.456214
8542,中電前,34.388779,132.455399
8543,市役所前(広島),34.385875,132.454455
8544,鷹野橋,34.383431,132.453918
8545,日赤病院前,34.380952,132.455871
8546,広電本社前,34.377375,132.45821
8547,御幸橋,34.375321,132.459605
8548,皆実町六丁目,34.374169,132.464454
8549,広大附属学校前,34.371654,132.464583
8550,県病院前,34.36875,132.464797
8551,宇品二丁目,34.366164,132.464519
8552,宇品三丁目,34.364216,132.464411
8553,宇品四丁目,34.360076,132.463923
8554,宇品五丁目,34.358132,132.463784
8555,海岸通,34.354898,132.463081
8556,元宇品口,34.354048,132.459412
8557,広島港(宇品),34.352755,132.455184
8558,紙屋町西,34.395455,132.456965
8559,原爆ドーム前,34.396163,132.453918
8560,本川町,34.396942,132.450485
8561,十日市町,34.397438,132.447138
8562,土橋(広島),34.3948,132.446322
8563,小網町,34.394543,132.44422
8564,天満町,34.395216,132.440572
8565,観音町(広島),34.395534,132.438405
8566,西観音町,34.393976,132.43686
8567,福島町,34.394985,132.433898
8568,東高須,34.391922,132.420224
8569,高須(広島),34.389872,132.417055
8570,古江,34.386311,132.411383
8571,草津(広島),34.3816,132.403915
8572,草津南,34.378092,132.398479
8573,井口(広島),34.371751,132.385805
8574,修大協創中高前,34.368218,132.374589
8575,佐伯区役所前,34.365443,132.361709
8576,楽々園,34.364282,132.351988
8577,山陽女学園前,34.361948,132.341251
8578,廿日市市役所前(平良),34.352816,132.329722
8579,ＪＡ広島病院前,34.343959,132.322404
8580,地御前,34.340942,132.320049
8581,阿品東,34.326488,132.318579
8582,宮島ボートレース場,34.314425,132.305006
8583,松川町,34.390222,132.471283
8584,段原一丁目,34.390302,132.474067
8585,比治山下,34.38696,132.471006
8586,比治山橋,34.383272,132.468681
8587,南区役所前,34.380297,132.467072
8588,皆実町二丁目,34.377375,132.465849
8589,舟入町,34.389222,132.444928
8590,舟入本町,34.385556,132.442632
8591,舟入幸町,34.383139,132.441151
8592,舟入川口町,34.380341,132.439499
8593,舟入南,34.375099,132.437224
8594,江波(広島),34.372496,132.436044
8595,横川一丁目,34.406848,132.449949
8596,別院前,34.404245,132.449241
8597,寺町,34.401129,132.448125
8598,女学院前,34.397827,132.464776
8599,縮景園前,34.399881,132.465334
8600,家庭裁判所前,34.402289,132.466106
8601,白島(広島電鉄),34.404484,132.465506
8602,清流新岩国,34.162639,132.14764
8603,守内かさ神,34.170107,132.135704
8604,南河内,34.165957,132.103363
8605,行波,34.163368,132.087084
8606,北河内(山口),34.176011,132.064519
8607,椋野,34.193637,132.033385
8608,南桑,34.20961,132.020852
8609,清流みはらし,34.211054,132.006243
8610,根笠,34.210487,131.998656
8611,河山,34.236368,131.983923
8612,柳瀬,34.25714,131.97669
8613,錦町,34.26475,131.962944
8614,海部,33.593453,134.351999
8615,宍喰,33.566949,134.300741
8616,甲浦,33.547238,134.288242
8617,高松築港,34.35079,134.049507
8618,片原町(香川),34.346138,134.054368
8619,瓦町,34.338827,134.052529
8620,栗林公園,34.328586,134.051063
8621,三条(香川),34.319718,134.049478
8622,伏石,34.309861,134.047807
8623,太田(香川),34.298989,134.045965
8624,仏生山,34.283213,134.042605
8625,空港通り,34.28112,134.033096
8626,一宮,34.283027,134.022561
8627,円座,34.284479,134.009285
8628,岡本(香川),34.270261,133.989265
8629,挿頭丘,34.262007,133.979358
8630,畑田,34.25901,133.97157
8631,陶,34.250394,133.947778
8632,綾川,34.249528,133.931667
8633,滝宮,34.248152,133.922302
8634,羽床,34.241078,133.901782
8635,栗熊,34.233905,133.884133
8636,岡田(香川),34.220859,133.860902
8637,羽間,34.209571,133.847345
8638,榎井,34.194317,133.829511
8639,琴電琴平,34.190906,133.819236
8640,花園(香川),34.334206,134.059463
8641,林道,34.32344,134.073106
8642,木太東口,34.319718,134.07957
8643,元山(香川),34.310424,134.083742
8644,水田,34.303056,134.092699
8645,西前田,34.296004,134.104675
8646,高田(香川),34.288506,134.112155
8647,池戸,34.27866,134.119706
8648,農学部前,34.273814,134.125739
8649,平木,34.272134,134.131327
8650,学園通り,34.270576,134.136998
8651,白山(香川),34.266707,134.150461
8652,井戸,34.266669,134.156127
8653,公文明,34.266688,134.161929
8654,長尾(香川),34.266675,134.169184
8655,今橋,34.341577,134.058782
8656,松島二丁目,34.339986,134.064626
8657,沖松島,34.341219,134.072253
8658,春日川,34.340969,134.083566
8659,潟元,34.341363,134.098231
8660,琴電屋島,34.341624,134.105763
8661,古高松,34.340844,134.11244
8662,八栗,34.344582,134.122439
8663,六万寺,34.342655,134.134088
8664,大町(香川),34.337333,134.141354
8665,塩屋(香川),34.335583,134.155142
8666,房前,34.332367,134.158483
8667,原(香川),34.32641,134.163654
8668,松山市,33.835656,132.762281
8669,松山市駅,33.836148,132.762587
8670,土橋(愛媛),33.832738,132.756487
8671,土居田,33.8241,132.744094
8672,余戸,33.816173,132.733887
8673,鎌田,33.810115,132.729784
8674,岡田(愛媛),33.799083,132.724271
8675,古泉,33.792539,132.717136
8676,松前,33.785965,132.705051
8677,地蔵町,33.779907,132.70429
8678,新川(愛媛),33.772178,132.704148
8679,郡中,33.760734,132.70406
8680,高浜(愛媛),33.883417,132.702177
8681,梅津寺,33.874637,132.707595
8682,港山,33.869533,132.713405
8683,三津,33.863864,132.720002
8684,山西,33.855301,132.724326
8685,西衣山,33.850152,132.733989
8686,衣山,33.8522,132.743997
8687,古町,33.846978,132.754998
8688,大手町(愛媛),33.839726,132.755384
8689,石手川公園,33.831311,132.76935
8690,いよ立花,33.827784,132.772944
8691,福音寺,33.82261,132.788931
8692,北久米,33.819277,132.798664
8693,久米,33.816036,132.804555
8694,鷹ノ子,33.812542,132.815301
8695,平井(愛媛),33.808687,132.828617
8696,梅本,33.800944,132.839307
8697,牛渕団地前,33.797739,132.846051
8698,牛渕,33.795212,132.856112
8699,田窪,33.792948,132.865413
8700,見奈良,33.792721,132.873374
8701,愛大医学部南口,33.797831,132.878659
8702,横河原,33.803353,132.88434
8703,南堀端,33.839213,132.761664
8704,西堀端,33.840105,132.75866
8705,本町１丁目,33.840394,132.758772
8706,宮田町,33.843948,132.752626
8707,萱町６丁目,33.851756,132.756226
8708,本町６丁目,33.853472,132.758473
8709,木屋町,33.853483,132.760776
8710,高砂町,33.851664,132.762464
8711,清水町,33.849328,132.764281
8712,鉄砲町,33.84829,132.769011
8713,赤十字病院前,33.848115,132.772383
8714,平和通１丁目,33.847673,132.774452
8715,上一万,33.846737,132.775502
8716,警察署前,33.844596,132.775354
8717,勝山町,33.841709,132.774818
8718,大街道,33.841103,132.769861
8719,県庁前(愛媛),33.841067,132.766364
8720,市役所前(愛媛),33.839926,132.764819
8721,南町,33.847412,132.779839
8722,道後公園,33.848552,132.784989
8723,道後温泉,33.850477,132.784817
8724,本町５丁目,33.851047,132.758853
8725,本町４丁目,33.847982,132.758789
8726,本町3丁目,33.84513,132.758853
8727,荷稲,33.132961,133.116316
8728,伊与喜,33.105169,133.098519
8729,土佐佐賀,33.080905,133.101517
8730,佐賀公園,33.064604,133.106582
8731,土佐白浜,33.05643,133.097452
8732,有井川,33.038914,133.071258
8733,土佐上川口,33.043013,133.056112
8734,海の王迎,33.040407,133.046482
8735,浮鞭,33.039516,133.029856
8736,土佐入野,33.023866,133.011636
8737,西大方,33.008912,132.986967
8738,古津賀,32.985744,132.962036
8739,中村,32.984641,132.943927
8740,具同,32.9794,132.915473
8741,国見(高知),32.978932,132.883716
8742,有岡,32.961229,132.833077
8743,工業団地,32.95632,132.801931
8744,平田(高知),32.955639,132.794977
8745,東宿毛,32.933673,132.728736
8746,宿毛,32.932534,132.71364
8747,後免町,33.574397,133.650628
8748,立田,33.57073,133.670627
8749,のいち,33.561649,133.698366
8750,よしかわ,33.546089,133.710352
8751,あかおか,33.539893,133.721859
8752,香我美,33.539152,133.73723
8753,夜須,33.534347,133.754506
8754,西分,33.518015,133.790772
8755,和食,33.51784,133.809739
8756,赤野,33.516,133.825026
8757,穴内,33.506069,133.864204
8758,球場前(高知),33.502635,133.891265
8759,あき総合病院前,33.504354,133.897625
8760,安芸,33.504738,133.906538
8761,伊尾木,33.490952,133.929158
8762,下山(高知),33.458267,133.94837
8763,唐浜,33.446036,133.966263
8764,安田(高知),33.443359,133.984151
8765,田野(高知),33.4303,134.008207
8766,奈半利,33.425187,134.018269
8767,後免東町,33.574501,133.64769
8768,後免中町,33.575438,133.645927
8769,後免西町,33.575819,133.642753
8770,東工業前,33.57637,133.638092
8771,住吉通,33.576615,133.636156
8772,篠原(高知),33.577049,133.631263
8773,小篭通,33.576285,133.62586
8774,長崎(高知),33.575074,133.620888
8775,明見橋,33.57469,133.618261
8776,清和学園前,33.574911,133.613032
8777,領石通,33.574162,133.607845
8778,北浦(高知),33.573716,133.603952
8779,舟戸,33.570496,133.59954
8780,鹿児,33.567135,133.597346
8781,田辺島通,33.566359,133.593
8782,東新木,33.564517,133.59028
8783,新木(高知),33.562191,133.586764
8784,介良通,33.560055,133.583241
8785,文珠通,33.559336,133.579335
8786,高須(高知),33.559307,133.577034
8787,県立美術館通,33.558863,133.575148
8788,西高須,33.558229,133.573163
8789,葛島橋東詰,33.557,133.569303
8790,知寄町三丁目,33.557541,133.565589
8791,知寄町,33.557911,133.561486
8792,知寄町二丁目,33.558022,133.559945
8793,知寄町一丁目,33.558377,133.557099
8794,宝永町,33.558662,133.553486
8795,菜園場町,33.559076,133.548241
8796,デンテツターミナルビル前,33.559329,133.544073
8797,はりまや橋,33.559558,133.542292
8798,堀詰,33.559554,133.539231
8799,大橋通,33.558992,133.536404
8800,高知城前,33.558405,133.533934
8801,県庁前(高知),33.557997,133.531771
8802,グランド通,33.557497,133.528992
8803,枡形,33.557357,133.527617
8804,上町一丁目,33.557324,133.525417
8805,上町二丁目,33.557301,133.522621
8806,上町四丁目,33.557272,133.519428
8807,上町五丁目,33.557195,133.517297
8808,旭町一丁目,33.556635,133.51323
8809,旭駅前通,33.555987,133.509636
8810,旭町三丁目,33.555685,133.506719
8811,蛍橋,33.55533,133.503102
8812,鏡川橋,33.555892,133.499437
8813,鴨部,33.552228,133.496854
8814,曙町東町,33.551517,133.49336
8815,曙町,33.551159,133.490946
8816,朝倉(とさでん交通),33.550665,133.488304
8817,朝倉神社前,33.551992,133.481023
8818,宮の奥,33.552304,133.476165
8819,咥内,33.552393,133.470454
8820,宇治団地前,33.551928,133.461227
8821,八代通,33.551952,133.455411
8822,中山(高知),33.551763,133.45287
8823,伊野商業前,33.550287,133.444364
8824,北内,33.5498,133.442221
8825,北山(高知),33.549096,133.438476
8826,鳴谷,33.548657,133.433361
8827,伊野(とさでん交通),33.548428,133.42844
8828,高知橋,33.564016,133.543404
8829,蓮池町通,33.562117,133.543173
8830,梅の辻,33.553844,133.54382
8831,桟橋通一丁目,33.550108,133.54624
8832,桟橋通二丁目,33.549078,133.546944
8833,桟橋通三丁目,33.54653,133.548686
8834,桟橋通四丁目,33.544908,133.549847
8835,桟橋車庫前,33.541816,133.551926
8836,桟橋通五丁目,33.540464,133.552739
8837,立野(佐賀),33.412412,130.539573
8838,大板井,33.398452,130.560727
8839,松崎(福岡),33.399654,130.582047
8840,今隈,33.404237,130.594426
8841,西太刀洗,33.40774,130.599153
8842,山隈,33.414076,130.609964
8843,太刀洗,33.413868,130.618768
8844,高田(福岡),33.414218,130.63402
8845,南直方御殿口,33.738729,130.724903
8846,あかぢ,33.727366,130.72455
8847,藤棚,33.722017,130.735291
8848,中泉,33.720992,130.742871
8849,市場(福岡),33.708074,130.759328
8850,ふれあい生力,33.700112,130.765567
8851,赤池(福岡),33.69206,130.768675
8852,人見,33.687316,130.771105
8853,金田,33.682805,130.776491
8854,上金田,33.672435,130.789172
8855,糒,33.664744,130.799177
8856,田川市立病院,33.660436,130.802697
8857,下伊田,33.651965,130.807016
8858,豊前大熊,33.672646,130.780387
8859,松山(福岡),33.668496,130.780537
8860,糸田,33.656481,130.785773
8861,大藪,33.64712,130.797642
8862,上伊田,33.648079,130.83017
8863,勾金,33.651568,130.841939
8864,柿下温泉口,33.651593,130.854116
8865,内田,33.637367,130.864302
8866,赤,33.617703,130.871827
8867,油須原,33.612765,130.884384
8868,源じいの森,33.616179,130.895972
8869,崎山,33.636285,130.917903
8870,犀川,33.650689,130.939337
8871,東犀川三四郎,33.661385,130.948966
8872,新豊津,33.679717,130.963987
8873,豊津(福岡),33.687505,130.962984
8874,今川河童,33.702983,130.965517
8875,美夜古泉,33.709108,130.969052
8876,令和コスタ行橋,33.717097,130.973615
8877,福岡空港,33.59718,130.448501
8878,東比恵,33.589958,130.43128
8879,祇園(福岡),33.594124,130.414614
8880,中洲川端,33.594749,130.406418
8881,天神,33.591346,130.39906
8882,赤坂(福岡),33.589124,130.391005
8883,大濠公園,33.589957,130.378784
8884,唐人町,33.590235,130.370451
8885,西新,33.583846,130.359619
8886,藤崎(福岡),33.581347,130.348231
8887,室見,33.581069,130.340176
8888,呉服町(福岡),33.59829,130.409892
8889,千代県庁口,33.602456,130.414336
8890,馬出九大病院前,33.6094,130.419336
8891,箱崎宮前,33.615788,130.419613
8892,箱崎九大前,33.622177,130.421002
8893,橋本(福岡),33.555205,130.321064
8894,次郎丸,33.552497,130.329538
8895,賀茂,33.55048,130.337879
8896,野芥,33.548111,130.347007
8897,梅林(福岡),33.545806,130.35494
8898,福大前,33.54747,130.362228
8899,七隈,33.552819,130.361628
8900,金山(福岡),33.559371,130.361561
8901,茶山,33.566065,130.36543
8902,別府(福岡),33.57417,130.369629
8903,六本松,33.577678,130.377287
8904,桜坂,33.577292,130.386819
8905,薬院大通,33.580406,130.396158
8906,渡辺通,33.583969,130.404843
8907,天神南,33.588197,130.401727
8908,櫛田神社前,33.591951,130.410759
8909,平和通,33.883159,130.881246
8910,旦過,33.880623,130.880194
8911,香春口三萩野,33.873174,130.880563
8912,片野,33.865511,130.880039
8913,城野(北九州高速鉄道),33.858398,130.879601
8914,北方(福岡),33.84908,130.878039
8915,競馬場前(福岡),33.842878,130.876526
8916,守恒,33.836648,130.87287
8917,徳力公団前,33.830421,130.867554
8918,徳力嵐山口,33.824744,130.863694
8919,志井(北九州高速鉄道),33.822556,130.871345
8920,企救丘,33.819708,130.877532
8921,西黒崎,33.866309,130.761418
8922,熊西,33.866101,130.757902
8923,萩原(福岡),33.861173,130.749186
8924,穴生,33.857352,130.744942
8925,森下(福岡),33.853885,130.741092
8926,今池(福岡),33.845258,130.739582
8927,永犬丸,33.838865,130.738071
8928,三ヶ森,33.834776,130.735982
8929,西山(福岡),33.829393,130.732274
8930,通谷,33.822994,130.726978
8931,東中間,33.820019,130.721317
8932,筑豊中間,33.816647,130.716562
8933,希望が丘高校前,33.808681,130.71151
8934,筑豊香月,33.799502,130.719099
8935,楠橋,33.789259,130.724523
8936,新木屋瀬,33.783468,130.724493
8937,木屋瀬,33.778483,130.724957
8938,遠賀野,33.768628,130.730959
8939,感田,33.758799,130.733137
8940,筑豊直方,33.753499,130.726299
8941,三代橋,33.188949,129.866336
8942,黒川(佐賀),33.195093,129.85542
8943,蔵宿,33.201898,129.850559
8944,西有田,33.208839,129.8502
8945,大木,33.221615,129.850119
8946,山谷,33.2293,129.849353
8947,夫婦石,33.236927,129.850502
8948,金武,33.251856,129.854519
8949,川東(佐賀),33.267329,129.863812
8950,東山代,33.277964,129.846041
8951,里,33.284513,129.835906
8952,楠久,33.291426,129.826696
8953,鳴石,33.299447,129.816699
8954,久原,33.313973,129.811763
8955,波瀬,33.323013,129.807296
8956,浦ノ崎,33.335287,129.792524
8957,福島口,33.338083,129.790271
8958,今福,33.348357,129.771909
8959,鷹島口,33.353784,129.761685
8960,前浜,33.358819,129.736192
8961,調川,33.352223,129.727507
8962,松浦,33.344273,129.707906
8963,松浦発電所前,33.347361,129.68607
8964,御厨(長崎),33.365947,129.662502
8965,西木場,33.355798,129.638657
8966,東田平,33.357706,129.623147
8967,中田平,33.355647,129.61104
8968,たびら平戸口,33.362532,129.582595
8969,西田平,33.34514,129.590475
8970,すえたちばな,33.316738,129.613788
8971,江迎鹿町,33.306809,129.627081
8972,高岩(長崎),33.297507,129.63723
8973,いのつき,33.282623,129.667286
8974,潜竜ヶ滝,33.280808,129.683509
8975,吉井(長崎),33.266395,129.685271
8976,神田(長崎),33.261198,129.671059
8977,清峰高校前,33.247775,129.656536
8978,佐々,33.236701,129.646859
8979,小浦,33.222005,129.641643
8980,真申,33.206498,129.65146
8981,棚方,33.201565,129.651796
8982,相浦,33.192577,129.65714
8983,大学,33.189461,129.667187
8984,上相浦,33.195205,129.670453
8985,本山(長崎),33.207029,129.682099
8986,中里(長崎),33.20821,129.687448
8987,皆瀬,33.213348,129.701741
8988,野中,33.211712,129.708527
8989,左石,33.208896,129.721992
8990,泉福寺,33.205816,129.727028
8991,山の田,33.196575,129.722898
8992,北佐世保,33.18717,129.720446
8993,中佐世保,33.172297,129.722668
8994,佐世保中央,33.170902,129.720596
8995,本諫早,32.841841,130.052848
8996,幸,32.83705,130.066927
8997,小野(長崎),32.833985,130.08557
8998,干拓の里,32.836138,130.093272
8999,森山,32.834969,130.113402
9000,釜ノ鼻,32.833992,130.135624
9001,諫早東高校,32.823084,130.149098
9002,愛野(長崎),32.818824,130.155855
9003,阿母崎,32.830073,130.170196
9004,吾妻,32.840305,130.189911
9005,古部,32.856312,130.213024
9006,大正(長崎),32.860303,130.225482
9007,西郷,32.872801,130.243814
9008,神代(長崎),32.871516,130.269728
9009,多比良,32.872061,130.308528
9010,有明湯江,32.858249,130.328246
9011,大三東,32.843734,130.344659
9012,松尾(長崎),32.834176,130.347714
9013,三会,32.814936,130.35713
9014,島原,32.790489,130.370616
9015,霊丘公園体育館,32.782198,130.374233
9016,島原船津,32.775768,130.37557
9017,島原港,32.768507,130.370151
9018,赤迫,32.793732,129.857948
9019,住吉(長崎),32.792073,129.859836
9020,千歳町(長崎),32.78962,129.860952
9021,若葉町,32.787744,129.861596
9022,長崎大学,32.785759,129.862282
9023,岩屋橋,32.781935,129.862282
9024,浦上車庫,32.77968,129.861381
9025,大橋(長崎),32.777713,129.861467
9026,平和公園,32.773437,129.862132
9027,原爆資料館,32.770551,129.863784
9028,大学病院,32.769017,129.864171
9029,茂里町,32.763965,129.864557
9030,スタジアムシティノース,32.761475,129.865801
9031,スタジアムシティサウス,32.75783,129.868913
9032,八千代町,32.754979,129.870436
9033,五島町,32.749411,129.872217
9034,大波止,32.745116,129.872046
9035,出島,32.743871,129.871681
9036,新地中華街,32.742869,129.874942
9037,西浜町,32.743735,129.876015
9038,観光通,32.743483,129.877775
9039,思案橋,32.742725,129.880264
9040,崇福寺,32.741425,129.882109
9041,蛍茶屋,32.751135,129.894254
9042,新中川町,32.752362,129.890435
9043,新大工町,32.75238,129.886701
9044,諏訪神社,32.752596,129.884083
9045,市役所,32.74942,129.88065
9046,桜町(長崎),32.750792,129.8755
9047,めがね橋,32.746785,129.878204
9048,浜町アーケード,32.744769,129.87681
9049,メディカルセンター,32.740523,129.87241
9050,大浦海岸通,32.737861,129.870608
9051,大浦天主堂,32.736408,129.87078
9052,石橋(長崎),32.734269,129.872432
9053,藤崎宮前,32.808928,130.713218
9054,黒髪町,32.818408,130.717232
9055,北熊本,32.827492,130.721981
9056,亀井,32.837414,130.72224
9057,八景水谷,32.841258,130.722812
9058,堀川,32.848988,130.725231
9059,新須屋,32.853266,130.730198
9060,須屋,32.858493,130.736481
9061,三ツ石,32.864265,130.738378
9062,黒石(熊本),32.870636,130.742164
9063,熊本高専前,32.878088,130.746271
9064,再春医療センター前,32.880291,130.748132
9065,御代志,32.883229,130.749998
9066,韓々坂,32.824201,130.701917
9067,池田(熊本),32.827082,130.70748
9068,打越,32.823765,130.713796
9069,坪井川公園,32.821427,130.718773
9070,長陽,32.854287,131.003945
9071,加勢,32.847818,131.010139
9072,阿蘇下田城,32.844413,131.024654
9073,南阿蘇水の生まれる里白水高原,32.83407,131.040264
9074,中松,32.827381,131.053594
9075,阿蘇白川,32.822368,131.084345
9076,南阿蘇白川水源,32.822352,131.091739
9077,見晴台,32.817613,131.109621
9078,高森,32.81954,131.122561
9079,相良藩願成寺,32.218429,130.769626
9080,相良十島,32.210054,130.786466
9081,肥後西村,32.202271,130.808839
9082,一武,32.214551,130.839915
9083,木上,32.224256,130.858888
9084,おかどめ幸福,32.231011,130.873629
9085,あさぎり,32.236191,130.893783
9086,東免田,32.250095,130.912947
9087,公立病院前,32.255906,130.921768
9088,多良木,32.262903,130.933362
9089,多良木青蓮寺,32.272211,130.950765
9090,新鶴羽,32.275372,130.966275
9091,湯前,32.281389,130.980094
9092,肥後高田,32.475546,130.612588
9093,日奈久温泉,32.436163,130.581635
9094,肥後二見,32.420111,130.550019
9095,上田浦,32.392952,130.5186
9096,たのうら御立岬公園,32.363202,130.506705
9097,肥後田浦,32.350698,130.504778
9098,海浦,32.327997,130.488766
9099,佐敷,32.302447,130.497277
9100,湯浦,32.271231,130.504667
9101,津奈木,32.232417,130.450165
9102,新水俣,32.210825,130.428893
9103,水俣,32.204919,130.395763
9104,袋,32.165517,130.374391
9105,米ノ津,32.122269,130.342139
9106,出水,32.089275,130.357803
9107,西出水,32.075398,130.339285
9108,高尾野,32.062536,130.301632
9109,野田郷,32.063238,130.267214
9110,折口,32.060949,130.217485
9111,阿久根,32.022969,130.196276
9112,牛ノ浜,31.973962,130.207038
9113,薩摩大川,31.949414,130.219072
9114,西方,31.916153,130.223658
9115,薩摩高城,31.892545,130.220649
9116,草道,31.854556,130.233533
9117,上川内,31.83537,130.292406
9118,田崎橋,32.785398,130.68866
9119,二本木口,32.786986,130.689368
9120,祇園橋,32.792794,130.694647
9121,呉服町(熊本),32.795753,130.696921
9122,河原町(熊本),32.794742,130.701299
9123,慶徳校前,32.797304,130.702457
9124,辛島町,32.798891,130.705075
9125,花畑町,32.801128,130.705483
9126,熊本城-市役所前,32.802967,130.707028
9127,通町筋,32.803364,130.709817
9128,水道町,32.80239,130.712564
9129,九品寺交差点,32.799576,130.7178
9130,交通局前,32.797664,130.719945
9131,味噌天神前,32.795644,130.723722
9132,国府(熊本),32.792217,130.729172
9133,水前寺公園,32.789908,130.732455
9134,市立体育館前,32.788429,130.734708
9135,商業高校前,32.785398,130.739107
9136,八丁馬場,32.783739,130.741746
9137,神水交差点,32.783649,130.74518
9138,健軍校前,32.781917,130.750952
9139,動植物園入口,32.78051,130.754707
9140,健軍交番前,32.779463,130.757668
9141,健軍町,32.778381,130.761209
9142,県立体育館前,32.815032,130.69896
9143,本妙寺入口,32.813626,130.698466
9144,杉塘,32.810308,130.696986
9145,段山町,32.806701,130.695505
9146,蔚山町,32.803959,130.696986
9147,新町(熊本),32.799739,130.697222
9148,洗馬橋,32.799234,130.698917
9149,西辛島町,32.798801,130.702264
9150,桜島桟橋通,31.599976,130.560976
9151,水族館口,31.59898,130.559539
9152,市役所前(鹿児島),31.597179,130.558015
9153,朝日通,31.594374,130.557286
9154,いづろ通,31.591824,130.557672
9155,天文館通,31.590691,130.555075
9156,高見馬場,31.588726,130.550977
9157,甲東中学校前,31.585738,130.553058
9158,新屋敷,31.583855,130.553724
9159,武之橋,31.57976,130.554088
9160,二中通,31.57711,130.553702
9161,荒田八幡,31.573618,130.553015
9162,騎射場,31.569102,130.5519
9163,鴨池,31.564129,130.549968
9164,郡元(鹿児島市交通局),31.562466,130.549024
9165,涙橋,31.559266,130.546707
9166,二軒茶屋(鹿児島),31.55005,130.541192
9167,宇宿一丁目,31.546439,130.539068
9168,笹貫,31.539636,130.534047
9169,上塩屋,31.534762,130.528811
9170,谷山(鹿児島市交通局),31.530108,130.523404
9171,加治屋町,31.58731,130.548037
9172,高見橋,31.58593,130.545162
9173,都通,31.580601,130.543038
9174,中洲通,31.578581,130.542587
9175,市立病院前(鹿児島),31.575812,130.541836
9176,神田(交通局前),31.572932,130.540613
9177,唐湊,31.570556,130.541085
9178,工学部前,31.568408,130.541857
9179,中郡(鹿児島),31.56498,130.545312
9180,那覇空港,26.206515,127.652214
9181,赤嶺,26.193289,127.660348
9182,小禄,26.196455,127.666853
9183,奥武山公園,26.200714,127.675252
9184,壺川,26.205927,127.678344
9185,旭橋,26.21191,127.675515
9186,県庁前(沖縄),26.214446,127.679343
9187,美栄橋,26.219245,127.684328
9188,牧志,26.217248,127.69255
9189,安里,26.216737,127.695736
9190,おもろまち,26.222701,127.698391
9191,古島,26.230919,127.703079
9192,市立病院前(沖縄),26.227548,127.710003
9193,儀保,26.224663,127.719039
9194,首里,26.219191,127.725492
9195,石嶺,26.226667,127.728889
9196,経塚,26.236667,127.728333
9197,浦添前田,26.243978,127.732193
9198,てだこ浦西,26.241778,127.741861
9199,出光美術館,33.947792,130.965292
9200,ノーフォーク広場,33.955973,130.964254
9201,関門海峡めかり,33.960627,130.967347
9202,新富士(静岡),35.142,138.6633
9203,岐阜羽島,35.3158,136.6855
9204,新尾道,34.43,133.1903
9205,東広島,34.3893,132.7597
9206,新岩国,34.165,132.1498
9207,白石蔵王,37.9955,140.633
9208,くりこま高原,38.7491,141.0718
9209,水沢江刺,39.1453,141.1887
9210,七戸十和田,40.7198,141.154
9211,本庄早稲田,36.2188,139.1795
9212,上毛高原,36.6932,138.9776
9213,ガーラ湯沢,36.9508,138.7995
9214,安中榛名,36.3624,138.8494
9215,黒部宇奈月温泉,36.874106,137.481113
9216,新大牟田,33.0712,130.4887
9217,新玉名,32.9425,130.5735
9218,奥津軽いまべつ,41.144885,140.515625
9219,西千曳,40.810189,141.1314
9220,後平,40.79115,141.150542
9221,坪,40.777347,141.146819
9222,坪川,40.768217,141.147997
9223,道ノ上,40.751256,141.152697
9224,天間林,40.743481,141.157133
9225,中野(青森),40.735197,141.163631
9226,営農大学校前,40.721156,141.159022
9227,盛田牧場前,40.713086,141.168561
9228,七戸,40.696633,141.165169
9229,羽後里見,39.280611,140.449694
9230,羽後大森,39.338722,140.422194
9231,羽後山田,39.164722,140.465028
9232,羽後三輪,39.193722,140.438083
9233,居切,35.929972,140.650556
9234,鹿島港南,35.878611,140.691111
9235,武蔵横山,35.652028,139.301472
9236,多摩御陵前,35.650111,139.289861
9237,中千住,35.745972,139.805
9238,上り屋敷,35.725278,139.704778
9239,東国分寺,35.707611,139.478056
9240,西千住,35.744333,139.793167
9241,博物館動物園,35.718639,139.773472
9242,昌平橋,35.698278,139.768583
9243,台町,35.370028,139.232194
9244,大竹(神奈川),35.360278,139.234722
9245,上井ノ口,35.343056,139.232222
9246,下井ノ口,35.331111,139.235278
9247,一色,35.318972,139.242028
9248,中里(神奈川),35.308528,139.249389
9249,二宮(湘南軌道),35.29988,139.258104
9250,東鯖江,35.947306,136.188611
9251,越前平井,35.961667,136.164611
9252,川去,35.963083,136.145972
9253,西田中,35.972583,136.131083
9254,佐々生,35.954139,136.12125
9255,陶の谷,35.938528,136.113639
9256,樫津,35.941,136.08725
9257,下江波,35.941833,136.074583
9258,江波(福井),35.939472,136.063944
9259,矢倉(福井),35.949139,136.059444
9260,織田,35.958556,136.058806
9261,福知山西,35.303528,135.117472
9262,下川停留所,35.330028,135.109778
9263,上天津,35.340333,135.108139
9264,下天津(北丹鉄道),35.357472,135.113306
9265,公庄(北丹鉄道),35.371556,135.127944
9266,蓼原停留所,35.383139,135.141278
9267,河守,35.389,135.146444
9268,上灘,35.439606,133.841489
9269,打吹,35.434458,133.824397
9270,西倉吉,35.427211,133.804764
9271,小鴨,35.410144,133.799347
9272,上小鴨,35.398164,133.786675
9273,関金,35.370772,133.755553
9274,泰久寺,35.366094,133.724147
9275,山守,35.360681,133.709267
9276,下津井,34.439,133.789556
9277,東下津井,34.441528,133.802222
9278,鷲羽山,34.440028,133.806556
9279,琴海,34.447833,133.80825
9280,阿津,34.45546,133.8037
9281,備前赤崎,34.45876,133.79984
9282,児島(下津井電鉄),34.467194,133.802167
9283,児島小川,34.480999,133.799912
9284,柳田(岡山),34.48819,133.798704
9285,稗田,34.499194,133.804299
9286,福田,34.52706,133.797962
9287,林(岡山),34.542701,133.814749
9288,藤戸,34.557518,133.819733
9289,天城,34.562224,133.816706
9290,犬伏,34.141028,134.452139
9291,羅漢,34.134111,134.433083
9292,神宅,34.130806,134.415028
9293,鍛冶屋原,34.119556,134.400472
9294,伊予立花,33.827558,132.773328
9295,石井(愛媛),33.809278,132.78025
9296,森松,33.790417,132.788889
9297,御手洗,33.606694,130.451583
9298,上亀山,33.602194,130.459639
9299,志免,33.590611,130.483917
9300,下宇美,33.572972,130.506139
9301,筑前勝田,33.555194,130.528472
9302,薩摩白浜,31.855944,130.322639
9303,楠元,31.860639,130.336167
9304,吉野山,31.838056,130.36
9305,樋脇,31.820028,130.380861
9306,上樋脇,31.825361,130.402111
9307,入来,31.822667,130.429944
9308,薩摩山崎,31.858,130.450556
9309,船木,31.882167,130.450667
9310,宮之城,31.905361,130.456917
9311,佐志,31.91875,130.483556
9312,薩摩湯田,31.931833,130.473306
9313,薩摩鶴田,31.942833,130.493111
9314,薩摩求名,31.935194,130.526694
9315,広橋,31.923806,130.544111
9316,薩摩永野,31.92475,130.58825
9317,針持,31.979778,130.580833
9318,西太良,32.008028,130.603722
9319,羽月,32.032028,130.596583
9320,薩摩大口,32.060972,130.609028
9321,嘉手納,26.36275,127.755194
9322,城間,26.258111,127.710278
9323,与儀,26.208861,127.691917
9324,リゾートゲートウェイ-ステーション,35.635222,139.885083
9325,東京ディズニーランド-ステーション,35.635889,139.878639
9326,ベイサイド-ステーション,35.627944,139.876417
9327,東京ディズニーシー-ステーション,35.627389,139.889472
9328,東園(東京),35.715833,139.770139
9329,西園,35.714306,139.769722
9330,宇都宮駅東口,36.559162,139.899532
9331,東宿郷,36.558272,139.903555
9332,駅東公園前,36.557961,139.907675
9333,峰,36.557539,139.915825
9334,陽東3丁目,36.557282,139.922773
9335,宇都宮大学陽東キャンパス,36.557091,139.929769
9336,平石(栃木),36.555156,139.939255
9337,平石中央小学校前,36.554829,139.944767
9338,飛山城跡,36.548545,139.963287
9339,清陵高校前,36.544859,139.976298
9340,清原地区市民センター前,36.547633,139.984261
9341,グリーンスタジアム前,36.554707,139.982862
9342,ゆいの杜西,36.567267,139.986675
9343,ゆいの杜中央,36.567669,139.99251
9344,ゆいの杜東,36.567628,139.998316
9345,芳賀台,36.56618,140.005879
9346,芳賀町工業団地管理センター前,36.564787,140.011061
9347,かしの森公園前,36.572469,140.014653
9348,芳賀-高根沢工業団地,36.578612,140.011988
9349,大阪梅田(阪神電気鉄道),34.700969,135.496444
9350,上熊本(熊本市交通局),32.81716,130.699266
9351,羽田空港第3ターミナル(東京モノレール),35.544169,139.768206
9352,新田老,39.735601,141.9673
9353,南三陸町役場-病院前,38.678771,141.462452
9354,志津川中央団地,38.683802,141.450737
9355,岩月,38.862278,141.584076
9356,赤岩港,38.884379,141.582467
9357,気仙沼市立病院,38.887592,141.565669
9358,八幡大橋(東陵高校),38.920961,141.5853
9359,唐桑大沢,38.961773,141.631468
9360,長部,38.986106,141.618654
9361,陸前今泉,39.004123,141.613479
9362,奇跡の一本松,39.007863,141.627136
9363,栃ヶ沢公園,39.026987,141.625435
9364,まちなか陸前高田,39.015482,141.630299
9365,高田高校前,39.016277,141.640222
9366,高田病院,39.025503,141.641612
9367,西下,39.001383,141.688575
9368,碁石海岸口,39.002755,141.711052
9369,大船渡丸森,39.028715,141.712633
9370,大船渡魚市場前,39.051278,141.72075
9371,地ノ森,39.071678,141.718184
9372,田茂山,39.080181,141.713408
